{"type":"FeatureCollection","name":"muurschilderingen_gebouwen","features":[{"type":"Feature","geometry":{"type":"Point","coordinates":[6.461271,53.06631]},"properties":{"id":"10141","naam":"Sint-Margaretakerk te Norg","plaats":"Norg","identifier":"RM30783","rijksmonumentnummer":"30783","monumentenregister_url":"https://monumentenregister.cultureelerfgoed.nl/monumenten/30783","huidige_functie":"Kerk / Hervormde kerk","geometrie_bron":"muurschilderingendatabase","same_as":["http://www.wikidata.org/entity/Q2259829","https://monumentenregister.cultureelerfgoed.nl/monumenten/30783","https://reliwiki.nl/index.php?title=Norg,_Brink_2_-_Margarethakerk&oldid=514913"],"afbeelding":null}},{"type":"Feature","geometry":{"type":"Point","coordinates":[5.998751,53.3725]},"properties":{"id":"10187","naam":"Nederlands-Hervormde Kerk te Hantumhuizen","plaats":"Hantumhuizen","identifier":"RM38700","rijksmonumentnummer":"38700","monumentenregister_url":"https://monumentenregister.cultureelerfgoed.nl/monumenten/38700","huidige_functie":"https://aldefrysketsjerken.nl/hantumhuzen","geometrie_bron":"muurschilderingendatabase","same_as":["http://www.wikidata.org/entity/Q2604453","https://monumentenregister.cultureelerfgoed.nl/monumenten/38700","https://reliwiki.nl/index.php?title=Hantumhuizen,_Wierumerwei_2_-_Sint_Annakerk&oldid=530332"],"afbeelding":null}},{"type":"Feature","geometry":{"type":"Point","coordinates":[6.06152,53.33178]},"properties":{"id":"10189","naam":"Nederlands-Hervormde Kerk te Oostrum","plaats":"Eastrum","identifier":"RM31590","rijksmonumentnummer":"31590","monumentenregister_url":"https://monumentenregister.cultureelerfgoed.nl/monumenten/31590","huidige_functie":"Voor verhuur en klein aantal kerkdiensten","geometrie_bron":"muurschilderingendatabase","same_as":["http://www.wikidata.org/entity/Q2489181","https://aldefrysketsjerken.nl/eastrum","https://monumentenregister.cultureelerfgoed.nl/monumenten/31590","https://reliwiki.nl/index.php?title=Oostrum,_Terpleane_11_-_Sint_Nicolaaskerk&oldid=472538"],"afbeelding":null}},{"type":"Feature","geometry":{"type":"Point","coordinates":[5.874428,53.32322]},"properties":{"id":"10200","naam":"Nederlands-Hervormde Kerk te Genum","plaats":"Genum","identifier":"RM15615","rijksmonumentnummer":"15615","monumentenregister_url":"https://monumentenregister.cultureelerfgoed.nl/monumenten/15615","huidige_functie":"expositieruimte; atelier","geometrie_bron":"muurschilderingendatabase","same_as":["http://www.wikidata.org/entity/Q2583756","https://aldefrysketsjerken.nl/ginnum","https://monumentenregister.cultureelerfgoed.nl/monumenten/15615","https://reliwiki.nl/index.php/Ginnum,_Harstawei_7_-_Ned._Hervormde_Kerk"],"afbeelding":null}},{"type":"Feature","geometry":{"type":"Point","coordinates":[5.849787,53.33687]},"properties":{"id":"10202","naam":"Nederlands-Hervormde Kerk te Hogebeintum","plaats":"Hegebeintum","identifier":"RM15628","rijksmonumentnummer":"15628","monumentenregister_url":"https://monumentenregister.cultureelerfgoed.nl/monumenten/15628","huidige_functie":"kerkdiensten; verhuur","geometrie_bron":"muurschilderingendatabase","same_as":["http://www.wikidata.org/entity/Q7477464","https://aldefrysketsjerken.nl/hogebeintum","https://monumentenregister.cultureelerfgoed.nl/monumenten/15628","https://reliwiki.nl/index.php?title=Hegebeintum,_Hege_Tsjerkewei_2_-_Hervormde_Kerk&oldid=442797"],"afbeelding":null}},{"type":"Feature","geometry":{"type":"Point","coordinates":[5.902713,53.31265]},"properties":{"id":"10204","naam":"Nederlands-Hervormde Kerk te Janum","plaats":"Jannum","identifier":"RM11688","rijksmonumentnummer":"11688","monumentenregister_url":"https://monumentenregister.cultureelerfgoed.nl/monumenten/11688","huidige_functie":"museum","geometrie_bron":"muurschilderingendatabase","same_as":["http://www.wikidata.org/entity/Q2501861","https://monumentenregister.cultureelerfgoed.nl/monumenten/11688","https://reliwiki.nl/index.php?title=Jannum,_Tsjerkestrjitte_4_-_Ned._Hervormde_kerk_(12e_-_1936)&oldid=511490"],"afbeelding":null}},{"type":"Feature","geometry":{"type":"Point","coordinates":[5.544373,53.18652]},"properties":{"id":"10206","naam":"Martinytsjerke","plaats":"Franeker","identifier":"RM15661","rijksmonumentnummer":"15661","monumentenregister_url":"https://monumentenregister.cultureelerfgoed.nl/monumenten/15661","huidige_functie":"kerk","geometrie_bron":"muurschilderingendatabase","same_as":["http://www.wikidata.org/entity/Q2030014","https://cms.beeldschrift.nl/api/api/file/saft/18011f66a25200e957ca4c8c198a47bf/","https://monumentenregister.cultureelerfgoed.nl/monumenten/15661","https://reliwiki.nl/index.php?title=Franeker,_Breedeplaats_2_-_Martinikerk&oldid=447608"],"afbeelding":null}},{"type":"Feature","geometry":{"type":"Point","coordinates":[6.149162,53.28012]},"properties":{"id":"10221","naam":"Martenstsjerke","plaats":"Kollum","identifier":"RM23728","rijksmonumentnummer":"23728","monumentenregister_url":"https://monumentenregister.cultureelerfgoed.nl/monumenten/23728","huidige_functie":"kerk","geometrie_bron":"muurschilderingendatabase","same_as":["http://www.wikidata.org/entity/Q11715876","https://cms.beeldschrift.nl/api/api/file/saft/b8b07feda1d578ad7d0394a0d42b3ffe/","https://monumentenregister.cultureelerfgoed.nl/monumenten/23728","https://reliwiki.nl/index.php/Kollum,_Voorstraat_39_-_Maartenskerk"],"afbeelding":"https://muurschilderingendatabase.nl/files/medium/b2679e6365e4247086d61870c9c8291239aa0149.jpg"}},{"type":"Feature","geometry":{"type":"Point","coordinates":[6.084775,53.29016]},"properties":{"id":"10236","naam":"Herfoarme tsjerke","plaats":"Westergeast","identifier":"RM23767","rijksmonumentnummer":"23767","monumentenregister_url":"https://monumentenregister.cultureelerfgoed.nl/monumenten/23767","huidige_functie":"kerk","geometrie_bron":"muurschilderingendatabase","same_as":["http://www.wikidata.org/entity/Q2571939","https://cms.beeldschrift.nl/api/api/file/saft/35057c19207dc5617cf83fa0e1cd8bbb/","https://monumentenregister.cultureelerfgoed.nl/monumenten/23767","https://reliwiki.nl/index.php?title=Westergeest,_Kalkhuswei_1_-_Protestantse_Kerk&oldid=511911"],"afbeelding":null}},{"type":"Feature","geometry":{"type":"Point","coordinates":[5.797439,53.20417]},"properties":{"id":"10240","naam":"Grote of Jacobijnerkerk te Leeuwarden","plaats":"Leeuwarden","identifier":"RM24225","rijksmonumentnummer":"24225","monumentenregister_url":"https://monumentenregister.cultureelerfgoed.nl/monumenten/24225","huidige_functie":"Kerk en cultureel centrum","geometrie_bron":"muurschilderingendatabase","same_as":["http://www.wikidata.org/entity/Q2533686","https://cms.beeldschrift.nl/api/api/file/saft/0912a94a09a9f123197b81cca6fb1a45/","https://monumentenregister.cultureelerfgoed.nl/monumenten/24225","https://reliwiki.nl/index.php?title=Leeuwarden,_Jacobijnerkerkhof_95_-_Grote_of_Jacobijnerkerk&oldid=527465"],"afbeelding":null}},{"type":"Feature","geometry":{"type":"Point","coordinates":[4.355906,52.0126]},"properties":{"id":"10242","naam":"Oude Kerk Delft","plaats":"Delft","identifier":"RM11970","rijksmonumentnummer":"11970","monumentenregister_url":"https://monumentenregister.cultureelerfgoed.nl/monumenten/11970","huidige_functie":"kerk","geometrie_bron":"muurschilderingendatabase","same_as":["http://www.wikidata.org/entity/Q612065","https://monumentenregister.cultureelerfgoed.nl/monumenten/11970","https://reliwiki.nl/index.php?title=Delft,_Heilige_Geestkerkhof_25_-_Oude_Kerk&oldid=483423"],"afbeelding":"https://muurschilderingendatabase.nl/files/medium/1c9e680b46f60d878ae9ff1b0b35bc2dee5373b5.jpg"}},{"type":"Feature","geometry":{"type":"Point","coordinates":[5.785614,53.2543]},"properties":{"id":"10266","naam":"Jehannestsjerke","plaats":"Britsum","identifier":"RM24525","rijksmonumentnummer":"24525","monumentenregister_url":"https://monumentenregister.cultureelerfgoed.nl/monumenten/24525","huidige_functie":"kerk","geometrie_bron":"muurschilderingendatabase","same_as":["http://www.wikidata.org/entity/Q2555610","https://aldefrysketsjerken.nl/britsum","https://monumentenregister.cultureelerfgoed.nl/monumenten/24525","https://reliwiki.nl/index.php?title=Britsum,_Greate_Buorren_1_-_Johanneskerk&oldid=527282"],"afbeelding":null}},{"type":"Feature","geometry":{"type":"Point","coordinates":[5.733024,53.15574]},"properties":{"id":"10277","naam":"Mariakerk te Bears","plaats":"Bears","identifier":"RM8470","rijksmonumentnummer":"8470","monumentenregister_url":"https://monumentenregister.cultureelerfgoed.nl/monumenten/8470","huidige_functie":"Cultureel en maatschappelijk","geometrie_bron":"muurschilderingendatabase","same_as":["http://www.wikidata.org/entity/Q3517891","https://aldefrysketsjerken.nl/bears","https://monumentenregister.cultureelerfgoed.nl/monumenten/8470","https://reliwiki.nl/index.php?title=Bears,_Tsjerkepaad_3_-_Mariakerk&oldid=527286"],"afbeelding":null}},{"type":"Feature","geometry":{"type":"Point","coordinates":[5.696183,53.08996]},"properties":{"id":"10280","naam":"Sint Maartenskerk te Bozum","plaats":"Boazum","identifier":"RM8473","rijksmonumentnummer":"8473","monumentenregister_url":"https://monumentenregister.cultureelerfgoed.nl/monumenten/8473","huidige_functie":"kerk","geometrie_bron":"muurschilderingendatabase","same_as":["http://www.wikidata.org/entity/Q2779524","https://cms.beeldschrift.nl/api/api/file/saft/62ac57f273e200d2f5f24097741b40fc/","https://monumentenregister.cultureelerfgoed.nl/monumenten/8473","https://reliwiki.nl/index.php/Boazum,_Tsjerkebuorren_1_-_Sint_Maartenskerk"],"afbeelding":null}},{"type":"Feature","geometry":{"type":"Point","coordinates":[5.571463,53.11982]},"properties":{"id":"10364","naam":"Kristoffeltsjerke (Kûbaard)","plaats":"Kubaard","identifier":"RM21541","rijksmonumentnummer":"21541","monumentenregister_url":"https://monumentenregister.cultureelerfgoed.nl/monumenten/21541","huidige_functie":"kerk","geometrie_bron":"muurschilderingendatabase","same_as":["http://www.wikidata.org/entity/Q2311119","https://cms.beeldschrift.nl/api/api/file/saft/b75eb3b3268d087c534191b46a27ec86/","https://monumentenregister.cultureelerfgoed.nl/monumenten/21541","https://reliwiki.nl/index.php?title=Kubaard,_Tsjerkebuorren_5_-_Victorkerk&oldid=434768"],"afbeelding":null}},{"type":"Feature","geometry":{"type":"Point","coordinates":[5.739902,53.1461]},"properties":{"id":"10381","naam":"Jehannestsjerke (Weidum)","plaats":"Weidum","identifier":"RM8518","rijksmonumentnummer":"8518","monumentenregister_url":"https://monumentenregister.cultureelerfgoed.nl/monumenten/8518","huidige_functie":"kerk","geometrie_bron":"muurschilderingendatabase","same_as":["http://www.wikidata.org/entity/Q4539725","https://aldefrysketsjerken.nl/WEIDUM","https://monumentenregister.cultureelerfgoed.nl/monumenten/8518","https://reliwiki.nl/index.php/Weidum,_Lytse_Buorren_3_-_Johanneskerk"],"afbeelding":null}},{"type":"Feature","geometry":{"type":"Point","coordinates":[5.643199,53.19673]},"properties":{"id":"10386","naam":"Salviuskerk te Dronrijp","plaats":"Dronrijp","identifier":"RM28604","rijksmonumentnummer":"28604","monumentenregister_url":"https://monumentenregister.cultureelerfgoed.nl/monumenten/28604","huidige_functie":"kerk","geometrie_bron":"muurschilderingendatabase","same_as":["http://www.wikidata.org/entity/Q3078981","https://cms.beeldschrift.nl/api/api/file/saft/ff7f1b75983c08f1beff2f155897f0dd/","https://monumentenregister.cultureelerfgoed.nl/monumenten/28604","https://reliwiki.nl/index.php/Dronrijp,_Tsjerkebuorren_1_-_Salviuskerk"],"afbeelding":null}},{"type":"Feature","geometry":{"type":"Point","coordinates":[5.341764,53.3974]},"properties":{"id":"10395","naam":"Sint Janskerk te Hoorn, Terschelling","plaats":"Hoarn","identifier":"RM35084","rijksmonumentnummer":"35084","monumentenregister_url":"https://monumentenregister.cultureelerfgoed.nl/monumenten/35084","huidige_functie":"kerk","geometrie_bron":"muurschilderingendatabase","same_as":["http://www.wikidata.org/entity/Q2220576","https://cms.beeldschrift.nl/api/api/file/saft/dcd5fac702a7690bcab28556ed4308af/","https://monumentenregister.cultureelerfgoed.nl/monumenten/35084","https://reliwiki.nl/index.php/Hoorn_(Terschelling),_Dorpsstraat_27_-_Sint_Janskerk"],"afbeelding":null}},{"type":"Feature","geometry":{"type":"Point","coordinates":[5.464238,53.05544]},"properties":{"id":"10397","naam":"Johannes de Doperkerk te Exmorra","plaats":"Eksmoarre","identifier":"RM39339","rijksmonumentnummer":"39339","monumentenregister_url":"https://monumentenregister.cultureelerfgoed.nl/monumenten/39339","huidige_functie":"kerk","geometrie_bron":"muurschilderingendatabase","same_as":["http://www.wikidata.org/entity/Q2198793","https://cms.beeldschrift.nl/api/api/file/saft/64dacc1baea9cfc0a396450e1f73a882/","https://monumentenregister.cultureelerfgoed.nl/monumenten/39339","https://reliwiki.nl/index.php/Exmorra,_Dorpsstraat_66_-_Johannes_de_Doperkerk"],"afbeelding":null}},{"type":"Feature","geometry":{"type":"Point","coordinates":[5.532595,53.02256]},"properties":{"id":"10433","naam":"Sint-Fitustsjerke","plaats":"Blauhûs","identifier":"RM515166","rijksmonumentnummer":"515166","monumentenregister_url":"https://monumentenregister.cultureelerfgoed.nl/monumenten/515166","huidige_functie":"kerk","geometrie_bron":"muurschilderingendatabase","same_as":["http://www.wikidata.org/entity/Q1899825","https://cms.beeldschrift.nl/api/api/file/saft/51255ce4988c33866618c0d2d025b2cd/","https://monumentenregister.cultureelerfgoed.nl/monumenten/515166","https://reliwiki.nl/index.php?title=Blauwhuis,_Vitusdyk_27_-_Vitus&oldid=483153"],"afbeelding":null}},{"type":"Feature","geometry":{"type":"Point","coordinates":[5.644631,52.89553]},"properties":{"id":"10441","naam":"Frederikustsjerke","plaats":"Sleat","identifier":"RM513658","rijksmonumentnummer":"513658","monumentenregister_url":"https://monumentenregister.cultureelerfgoed.nl/monumenten/513658","huidige_functie":"woningen","geometrie_bron":"muurschilderingendatabase","same_as":["http://www.wikidata.org/entity/Q2659537"],"afbeelding":null}},{"type":"Feature","geometry":{"type":"Point","coordinates":[5.662264,53.03037]},"properties":{"id":"10443","naam":"Sint-Martinustsjerke (Snits)","plaats":"Sneek","identifier":"RM34068","rijksmonumentnummer":"34068","monumentenregister_url":"https://monumentenregister.cultureelerfgoed.nl/monumenten/34068","huidige_functie":"kerk","geometrie_bron":"muurschilderingendatabase","same_as":["http://www.wikidata.org/entity/Q12013373","https://cms.beeldschrift.nl/api/api/file/saft/1c5c948d3e8a1f1c101928349c1442e0/","https://monumentenregister.cultureelerfgoed.nl/monumenten/34068","https://reliwiki.nl/index.php?title=Sneek,_Singel_62_-_Sint_Martinuskerk&oldid=531613"],"afbeelding":null}},{"type":"Feature","geometry":{"type":"Point","coordinates":[5.448412,52.98395]},"properties":{"id":"10444","naam":"Sint-Werenfridustsjerke","plaats":"Warkum","identifier":"RM39479","rijksmonumentnummer":"39479","monumentenregister_url":"https://monumentenregister.cultureelerfgoed.nl/monumenten/39479","huidige_functie":"buiten gebruik","geometrie_bron":"muurschilderingendatabase","same_as":["http://www.wikidata.org/entity/Q630785","https://cms.beeldschrift.nl/api/api/file/saft/bbfc73616d52e5a9f47e185b9a3e53b3/","https://monumentenregister.cultureelerfgoed.nl/monumenten/39479","https://reliwiki.nl/index.php?title=Workum,_It_Noard_175_-_Werenfridus_(1876_-_2022)&oldid=531667"],"afbeelding":null}},{"type":"Feature","geometry":{"type":"Point","coordinates":[4.315465,52.08214]},"properties":{"id":"10474","naam":"Koninklijke Schouwburg, Den Haag","plaats":"Den Haag","identifier":"RM17646","rijksmonumentnummer":"17646","monumentenregister_url":"https://monumentenregister.cultureelerfgoed.nl/monumenten/17646","huidige_functie":"theater","geometrie_bron":"muurschilderingendatabase","same_as":["http://www.wikidata.org/entity/Q2040000"],"afbeelding":"https://muurschilderingendatabase.nl/files/medium/583c0157716c6b2a68abd621eaaeeb8c397df64d.jpg"}},{"type":"Feature","geometry":{"type":"Point","coordinates":[5.819231,50.92882]},"properties":{"id":"10514","naam":"Sint-Hubertuskerk, Genhout","plaats":"Genhout","identifier":"RM513189","rijksmonumentnummer":"513189","monumentenregister_url":"https://monumentenregister.cultureelerfgoed.nl/monumenten/513189","huidige_functie":"kerk","geometrie_bron":"muurschilderingendatabase","same_as":["http://www.wikidata.org/entity/Q1870440","https://monumentenregister.cultureelerfgoed.nl/monumenten/513189","https://reliwiki.nl/index.php/Groot_Genhout,_Hubertusstraat_59_-_Hubertus","https://www.kerkgebouwen-in-limburg.nl/kerken/genhout/hubertus"],"afbeelding":"https://muurschilderingendatabase.nl/files/medium/6c5a8f3b1a9be342645dbf87a4d014cb3eb9661f.jpg"}},{"type":"Feature","geometry":{"type":"Point","coordinates":[4.896389,52.375]},"properties":{"id":"10528","naam":"Beurs van Berlage, Amsterdam","plaats":"Amsterdam","identifier":"RM437","rijksmonumentnummer":"437","monumentenregister_url":"https://monumentenregister.cultureelerfgoed.nl/monumenten/437","huidige_functie":"Evenementen","geometrie_bron":"muurschilderingendatabase","same_as":["http://www.wikidata.org/entity/Q851200"],"afbeelding":"https://muurschilderingendatabase.nl/files/medium/00e4bc7ce10b4245f15c881dc0c86f7e66dba4ef.jpg"}},{"type":"Feature","geometry":{"type":"Point","coordinates":[4.901111,52.37653]},"properties":{"id":"10544","naam":"Sint-Nicolaaskerk, Amsterdam","plaats":"Amsterdam","identifier":"RM4140","rijksmonumentnummer":"4140","monumentenregister_url":"https://monumentenregister.cultureelerfgoed.nl/monumenten/4140","huidige_functie":"kerk","geometrie_bron":"muurschilderingendatabase","same_as":["http://www.wikidata.org/entity/Q1350750","https://monumentenregister.cultureelerfgoed.nl/monumenten/4140","https://reliwiki.nl/index.php/Amsterdam,_Prins_Hendrikkade_73_-_Basiliek_Sint_Nicolaas"],"afbeelding":"https://muurschilderingendatabase.nl/files/medium/c23c724ecf1b00d1678b79b6de4aa75a3bb53102.jpg"}},{"type":"Feature","geometry":{"type":"Point","coordinates":[5.057616,52.63983]},"properties":{"id":"10550","naam":"H.H. Cyriacus en Franciscus, Hoorn","plaats":"Hoorn","identifier":"RM333537","rijksmonumentnummer":"333537","monumentenregister_url":"https://monumentenregister.cultureelerfgoed.nl/monumenten/333537","huidige_functie":"kerk","geometrie_bron":"muurschilderingendatabase","same_as":["http://www.wikidata.org/entity/Q1923798","https://monumentenregister.cultureelerfgoed.nl/monumenten/333537","https://reliwiki.nl/index.php/Hoorn,_Grote_Noord_15_-_H.H._Cyriacus_en_Franciscus"],"afbeelding":"https://muurschilderingendatabase.nl/files/medium/9694adb6c9b85cd3ba5f823522f6ca0aa067d9f4.jpg"}},{"type":"Feature","geometry":{"type":"Point","coordinates":[4.219562,51.53192]},"properties":{"id":"11741","naam":" Grote of Onze Lieve Vrouwekerk, Tholen","plaats":"Tholen","identifier":"RM35344","rijksmonumentnummer":"35344","monumentenregister_url":"https://monumentenregister.cultureelerfgoed.nl/monumenten/35344","huidige_functie":"kerk","geometrie_bron":"muurschilderingendatabase","same_as":["http://www.wikidata.org/entity/Q17443185","https://monumentenregister.cultureelerfgoed.nl/monumenten/35344"],"afbeelding":"https://muurschilderingendatabase.nl/files/medium/c9750d686786c580d04a6886f887cb99b230656b.jpg"}},{"type":"Feature","geometry":{"type":"Point","coordinates":[4.053608,51.28052]},"properties":{"id":"11756","naam":"Basiliek St. Willibrordus, Hulst","plaats":"Hulst","identifier":"RM22778","rijksmonumentnummer":"22778","monumentenregister_url":"https://monumentenregister.cultureelerfgoed.nl/monumenten/22778","huidige_functie":"kerk","geometrie_bron":"muurschilderingendatabase","same_as":["http://www.wikidata.org/entity/Q1663963","https://monumentenregister.cultureelerfgoed.nl/monumenten/22778","https://reliwiki.nl/index.php/Hulst,_Steenstraat_2_-_Basiliek_St._Willibrordus"],"afbeelding":"https://muurschilderingendatabase.nl/files/medium/29cc1e72c0daee099c0ff79e07f4264f3ec4c763.jpg"}},{"type":"Feature","geometry":{"type":"Point","coordinates":[3.98337,51.68931]},"properties":{"id":"11785","naam":"Herv. Kerk, Dreischor","plaats":"Dreischor","identifier":"RM11162","rijksmonumentnummer":"11162","monumentenregister_url":"https://monumentenregister.cultureelerfgoed.nl/monumenten/11162","huidige_functie":"kerk","geometrie_bron":"muurschilderingendatabase","same_as":["http://www.wikidata.org/entity/Q1943774","https://monumentenregister.cultureelerfgoed.nl/monumenten/11162","https://reliwiki.nl/index.php/Dreischor,_Ring_1_-_Adriaanskerk"],"afbeelding":"https://muurschilderingendatabase.nl/files/medium/4140d15a3a94590daf4f4b003f165ff2b18963d8.jpg"}},{"type":"Feature","geometry":{"type":"Point","coordinates":[3.912601,51.42367]},"properties":{"id":"11818","naam":"Hervormde Kerk, Hoedekenskerke","plaats":"Hoedekenskerke","identifier":"RM9995","rijksmonumentnummer":"9995","monumentenregister_url":"https://monumentenregister.cultureelerfgoed.nl/monumenten/9995","huidige_functie":"kerk","geometrie_bron":"muurschilderingendatabase","same_as":["http://www.wikidata.org/entity/Q17616687","https://monumentenregister.cultureelerfgoed.nl/monumenten/9995","https://reliwiki.nl/index.php/Hoedekenskerke,_Kerkstraat_32_-_De_Ark"],"afbeelding":"https://muurschilderingendatabase.nl/files/medium/e131c1b319448c1a03ee6c4032152fec019f9589.jpg"}},{"type":"Feature","geometry":{"type":"Point","coordinates":[3.822609,51.42833]},"properties":{"id":"11822","naam":"Herv. Kerk, Ovezande","plaats":"Ovezande","identifier":"RM10018","rijksmonumentnummer":"10018","monumentenregister_url":"https://monumentenregister.cultureelerfgoed.nl/monumenten/10018","huidige_functie":"Kantoren en bedrijven","geometrie_bron":"muurschilderingendatabase","same_as":["http://www.wikidata.org/entity/Q17343078","https://monumentenregister.cultureelerfgoed.nl/monumenten/10018","https://reliwiki.nl/index.php/Ovezande,_Kerkplein_8_-_Dorpskerk"],"afbeelding":"https://muurschilderingendatabase.nl/files/medium/2194ccb861693d9a76df6d34d5d1242d6f451df6.jpg"}},{"type":"Feature","geometry":{"type":"Point","coordinates":[3.984036,51.51579]},"properties":{"id":"11850","naam":"Maartenskerk, Wemeldinge","plaats":"Wemeldinge","identifier":"RM23507","rijksmonumentnummer":"23507","monumentenregister_url":"https://monumentenregister.cultureelerfgoed.nl/monumenten/23507","huidige_functie":"kerk","geometrie_bron":"muurschilderingendatabase","same_as":["http://www.wikidata.org/entity/Q17410131","https://monumentenregister.cultureelerfgoed.nl/monumenten/23507","https://reliwiki.nl/index.php/Wemeldinge,_Kerkweg_3_-_Maartenskerk"],"afbeelding":"https://muurschilderingendatabase.nl/files/medium/f394a87a9d9facc2487e09dbe59bf7072af81d50.jpg"}},{"type":"Feature","geometry":{"type":"Point","coordinates":[3.851847,51.45517]},"properties":{"id":"11855","naam":"Mariakerk, Nisse","plaats":"Nisse","identifier":"RM10008","rijksmonumentnummer":"10008","monumentenregister_url":"https://monumentenregister.cultureelerfgoed.nl/monumenten/10008","huidige_functie":"kerk","geometrie_bron":"muurschilderingendatabase","same_as":["http://www.wikidata.org/entity/Q2107424","https://monumentenregister.cultureelerfgoed.nl/monumenten/10008","https://reliwiki.nl/index.php/Nisse,_Dorpsplein_49_-_Mariakerk"],"afbeelding":"https://muurschilderingendatabase.nl/files/medium/f9d956ca27f2b02662899c96a5a6d307c8273891.jpg"}},{"type":"Feature","geometry":{"type":"Point","coordinates":[3.911771,51.72553]},"properties":{"id":"11891","naam":"Raadhuis, Brouwershaven","plaats":"Brouwershaven","identifier":"RM11140","rijksmonumentnummer":"11140","monumentenregister_url":"https://monumentenregister.cultureelerfgoed.nl/monumenten/11140","huidige_functie":"kantoorgebouw","geometrie_bron":"muurschilderingendatabase","same_as":["http://www.wikidata.org/entity/Q17344787","https://monumentenregister.cultureelerfgoed.nl/monumenten/11140"],"afbeelding":"https://muurschilderingendatabase.nl/files/medium/46f95f971b85d997f8367736027b58b3441e4101.jpg"}},{"type":"Feature","geometry":{"type":"Point","coordinates":[3.447963,51.27299]},"properties":{"id":"11895","naam":"Sint Bavokerk, Aardenburg","plaats":"Aardenburg","identifier":"RM6880","rijksmonumentnummer":"6880","monumentenregister_url":"https://monumentenregister.cultureelerfgoed.nl/monumenten/6880","huidige_functie":"kerk","geometrie_bron":"muurschilderingendatabase","same_as":["http://www.wikidata.org/entity/Q812019","https://monumentenregister.cultureelerfgoed.nl/monumenten/6880","https://reliwiki.nl/index.php/Aardenburg,_Sint_Bavostraat_5_-_Sint_Baafskerk"],"afbeelding":"https://muurschilderingendatabase.nl/files/medium/5d7cb11f66d71d2832ccaf771b6a86d5e45ccf7f.jpg"}},{"type":"Feature","geometry":{"type":"Point","coordinates":[3.996218,51.34428]},"properties":{"id":"11904","naam":"Sint Catharinakerk, Hengstdijk","plaats":"Hengstdijk","identifier":"RM22219","rijksmonumentnummer":"22219","monumentenregister_url":"https://monumentenregister.cultureelerfgoed.nl/monumenten/22219","huidige_functie":"kerk","geometrie_bron":"muurschilderingendatabase","same_as":["http://www.wikidata.org/entity/Q17405102"],"afbeelding":"https://muurschilderingendatabase.nl/files/medium/a435796d04f798f6014b31cbe7ab569d548bfc19.jpg"}},{"type":"Feature","geometry":{"type":"Point","coordinates":[5.307656,51.68803]},"properties":{"id":"11953","naam":"Kathedrale Basiliek St. Jan Evangelist","plaats":"'s-Hertogenbosch","identifier":"RM21879","rijksmonumentnummer":"21879","monumentenregister_url":"https://monumentenregister.cultureelerfgoed.nl/monumenten/21879","huidige_functie":"kerk","geometrie_bron":"muurschilderingendatabase","same_as":["http://www.wikidata.org/entity/Q2050553","https://monumentenregister.cultureelerfgoed.nl/monumenten/21879","https://reliwiki.nl/index.php/,s-Hertogenbosch,_Torenstraat_18_-_Kathedrale_Basiliek_St._Jan_Evangelist"],"afbeelding":"https://muurschilderingendatabase.nl/files/medium/68131405f4b6674dd52026ab2e4df10828a2c495.jpg"}},{"type":"Feature","geometry":{"type":"Point","coordinates":[4.891361,52.37317]},"properties":{"id":"12015","naam":"Koninklijk Paleis, Amsterdam","plaats":"Amsterdam-Centrum","identifier":"RM5941","rijksmonumentnummer":"5941","monumentenregister_url":"https://monumentenregister.cultureelerfgoed.nl/monumenten/5941","huidige_functie":"Koninklijk paleis en museum","geometrie_bron":"muurschilderingendatabase","same_as":["http://www.wikidata.org/entity/Q1056152"],"afbeelding":"https://muurschilderingendatabase.nl/files/medium/29ffc5774a4dbe7df97b277bde9c6c71788ad27f.jpg"}},{"type":"Feature","geometry":{"type":"Point","coordinates":[4.862725,51.70053]},"properties":{"id":"12624","naam":"Geertruidskerk, Geertruidenberg","plaats":"Geertruidenberg","identifier":"RM15950","rijksmonumentnummer":"15950","monumentenregister_url":"https://monumentenregister.cultureelerfgoed.nl/monumenten/15950","huidige_functie":"kerk","geometrie_bron":"muurschilderingendatabase","same_as":["http://www.wikidata.org/entity/Q2630845","https://kerkfotografie.nl/geertruidskerk-geertruidenberg/","https://monumentenregister.cultureelerfgoed.nl/monumenten/15950","https://reliwiki.nl/index.php/Geertruidenberg,_Elfhuizen_3_-_Geertruidskerk"],"afbeelding":"https://muurschilderingendatabase.nl/files/medium/7e91fe1cc053646b6c716cdc66deb68ba3bfc6fa.jpg"}},{"type":"Feature","geometry":{"type":"Point","coordinates":[5.461943,51.74287]},"properties":{"id":"12695","naam":"Maria Magdalenakerk, Geffen","plaats":"Geffen","identifier":"RM16026","rijksmonumentnummer":"16026","monumentenregister_url":"https://monumentenregister.cultureelerfgoed.nl/monumenten/16026","huidige_functie":"kerk","geometrie_bron":"muurschilderingendatabase","same_as":["http://www.wikidata.org/entity/Q17373561","https://monumentenregister.cultureelerfgoed.nl/monumenten/16026","https://reliwiki.nl/index.php/Geffen,_Kerkstraat_10_-_Maria_Magdalena"],"afbeelding":"https://muurschilderingendatabase.nl/files/medium/52c9a713f68a91738341038d7416fe0f2f6b41a2.jpg"}},{"type":"Feature","geometry":{"type":"Point","coordinates":[5.522056,51.76923]},"properties":{"id":"12729","naam":"Heilige Maria Onbevlekt Ontvangen, Oss","plaats":"Oss","identifier":"RM31870","rijksmonumentnummer":"31870","monumentenregister_url":"https://monumentenregister.cultureelerfgoed.nl/monumenten/31870","huidige_functie":"kerk","geometrie_bron":"muurschilderingendatabase","same_as":["http://www.wikidata.org/entity/Q17438831","https://monumentenregister.cultureelerfgoed.nl/monumenten/31870","https://reliwiki.nl/index.php/Oss,_Kerkstraat_15_-_O.L._Vrouw_Onbevlekt_Ontvangen"],"afbeelding":"https://muurschilderingendatabase.nl/files/medium/dd237a4f8517cde32b283174548521aed19a8604.jpg"}},{"type":"Feature","geometry":{"type":"Point","coordinates":[5.049719,51.66993]},"properties":{"id":"12739","naam":"Hervormde Kerk, Sprang-Capelle","plaats":"Sprang-Capelle","identifier":"RM34133","rijksmonumentnummer":"34133","monumentenregister_url":"https://monumentenregister.cultureelerfgoed.nl/monumenten/34133","huidige_functie":"kerk","geometrie_bron":"muurschilderingendatabase","same_as":["http://www.wikidata.org/entity/Q2479219","https://monumentenregister.cultureelerfgoed.nl/monumenten/34133","https://reliwiki.nl/index.php/Sprang-Capelle,_Kerkstraat_34_-_Hervormde_Kerk"],"afbeelding":"https://muurschilderingendatabase.nl/files/medium/38484078b463fce63cbd0791f62ca7bb79628bc2.jpg"}},{"type":"Feature","geometry":{"type":"Point","coordinates":[5.05142,51.73016]},"properties":{"id":"12814","naam":"Hervormde Kerk, Eethen","plaats":"Eethen","identifier":"RM6815","rijksmonumentnummer":"6815","monumentenregister_url":"https://monumentenregister.cultureelerfgoed.nl/monumenten/6815","huidige_functie":"kerk","geometrie_bron":"muurschilderingendatabase","same_as":["http://www.wikidata.org/entity/Q4331529","https://monumentenregister.cultureelerfgoed.nl/monumenten/6815","https://reliwiki.nl/index.php/Eethen,_De_Hoek_6_-_Hervormde_Kerk"],"afbeelding":"https://muurschilderingendatabase.nl/files/medium/188f127fe6f4619a741a983bfec02ab023f4041e.jpg"}},{"type":"Feature","geometry":{"type":"Point","coordinates":[4.287906,51.49446]},"properties":{"id":"12824","naam":"Grote of St. Geertruids- of Gertrudiskerk, Bergen op Zoom","plaats":"Bergen op Zoom","identifier":"RM9116","rijksmonumentnummer":"9116","monumentenregister_url":"https://monumentenregister.cultureelerfgoed.nl/monumenten/9116","huidige_functie":"kerk","geometrie_bron":"muurschilderingendatabase","same_as":["http://www.wikidata.org/entity/Q1515818","https://monumentenregister.cultureelerfgoed.nl/monumenten/9116","https://reliwiki.nl/index.php/Bergen_op_Zoom,_Grote_Markt_10_-_Sint_Gertrudiskerk_(Peperbus)"],"afbeelding":"https://muurschilderingendatabase.nl/files/medium/e4d4b161a5e78a48005161541915a485e86a23d1.jpg"}},{"type":"Feature","geometry":{"type":"Point","coordinates":[5.798018,50.87022]},"properties":{"id":"13165","naam":"Sint-Gerlach of Sint-Gerlachuskerk, Houthem","plaats":"Houthem","identifier":"RM36789","rijksmonumentnummer":"36789","monumentenregister_url":"https://monumentenregister.cultureelerfgoed.nl/monumenten/36789","huidige_functie":"kerk","geometrie_bron":"muurschilderingendatabase","same_as":["http://www.wikidata.org/entity/Q2372840","https://monumentenregister.cultureelerfgoed.nl/monumenten/36789","https://nl.wikipedia.org/wiki/Sint-Gerlachuskerk_(Houthem)","https://reliwiki.nl/index.php/Houthem,_Onderstestraat_1_-_Gerlachus"],"afbeelding":"https://muurschilderingendatabase.nl/files/medium/ba34b3f9169e187f07048ce04ce1ab77d33f9b6d.jpg"}},{"type":"Feature","geometry":{"type":"Point","coordinates":[6.157563,51.49521]},"properties":{"id":"13789","naam":"Heilige Naam Jezus, Broekhuizenvorst","plaats":"Broekhuizenvorst","identifier":"RM11095","rijksmonumentnummer":"11095","monumentenregister_url":"https://monumentenregister.cultureelerfgoed.nl/monumenten/11095","huidige_functie":"kerk","geometrie_bron":"muurschilderingendatabase","same_as":["http://www.wikidata.org/entity/Q17344671","https://monumentenregister.cultureelerfgoed.nl/monumenten/11095","https://reliwiki.nl/index.php/Broekhuizenvorst,_Kerkstraat_32_-_Heilige_Naam_Jezus","https://www.kerkgebouwen-in-limburg.nl/kerken/broekhuizenvorst/h-naam-jezus"],"afbeelding":null}},{"type":"Feature","geometry":{"type":"Point","coordinates":[5.924134,50.92321]},"properties":{"id":"13815","naam":"Kleine Sint Jan","plaats":"Hoensbroek","identifier":"RM21243","rijksmonumentnummer":"21243","monumentenregister_url":"https://monumentenregister.cultureelerfgoed.nl/monumenten/21243","huidige_functie":"kerk","geometrie_bron":"muurschilderingendatabase","same_as":["http://www.wikidata.org/entity/Q7853187","https://monumentenregister.cultureelerfgoed.nl/monumenten/21243","https://reliwiki.nl/index.php/Hoensbroek,_Hoofdstraat_83_-_Johannes_Evangelist_(Kleine_St._Jan)","https://www.kerkgebouwen-in-limburg.nl/kerken/hoensbroek/johannes-evangelist-kleine-st-jan"],"afbeelding":"https://muurschilderingendatabase.nl/files/medium/62929de97a0b0c120720b9c5a1e2ae61c0703608.jpg"}},{"type":"Feature","geometry":{"type":"Point","coordinates":[5.917454,50.91704]},"properties":{"id":"13824","naam":"Kasteel Hoensbroek, Hoensbroek","plaats":"Hoensbroek","identifier":"RM21244","rijksmonumentnummer":"21244","monumentenregister_url":"https://monumentenregister.cultureelerfgoed.nl/monumenten/21244","huidige_functie":"museum","geometrie_bron":"muurschilderingendatabase","same_as":["http://www.wikidata.org/entity/Q572230","https://monumentenregister.cultureelerfgoed.nl/monumenten/21244"],"afbeelding":"https://muurschilderingendatabase.nl/files/medium/087b81802c34928da2996953797bf2f323317628.jpg"}},{"type":"Feature","geometry":{"type":"Point","coordinates":[6.00014,51.31961]},"properties":{"id":"13830","naam":"Lambertuskerk, Helden","plaats":"Helden","identifier":"RM21381","rijksmonumentnummer":"21381","monumentenregister_url":"https://monumentenregister.cultureelerfgoed.nl/monumenten/21381","huidige_functie":"kerk","geometrie_bron":"muurschilderingendatabase","same_as":["http://www.wikidata.org/entity/Q17402017","https://monumentenregister.cultureelerfgoed.nl/monumenten/21381","https://reliwiki.nl/index.php/Helden,_Mariaplein_22_-_Lambertus","https://www.kerkgebouwen-in-limburg.nl/kerken/helden/lambertus"],"afbeelding":"https://muurschilderingendatabase.nl/files/medium/b1f986fbb0d65abf7faa52a3b8be0e99a6869a70.jpg"}},{"type":"Feature","geometry":{"type":"Point","coordinates":[5.804746,51.16331]},"properties":{"id":"13838","naam":"Heilige Lambertus, Neeritter","plaats":"Neeritter","identifier":"RM22863","rijksmonumentnummer":"22863","monumentenregister_url":"https://monumentenregister.cultureelerfgoed.nl/monumenten/22863","huidige_functie":"kerk","geometrie_bron":"muurschilderingendatabase","same_as":["http://www.wikidata.org/entity/Q17406687","https://monumentenregister.cultureelerfgoed.nl/monumenten/22863","https://reliwiki.nl/index.php/Neeritter,_Molenstraat_2_-_Lambertus","https://www.kerkgebouwen-in-limburg.nl/kerken/neeritter/lambertus"],"afbeelding":"https://muurschilderingendatabase.nl/files/medium/27bc4498f5e868f05bcb0f490d903c7dcb3d95c2.jpg"}},{"type":"Feature","geometry":{"type":"Point","coordinates":[5.690432,50.85273]},"properties":{"id":"13858","naam":"Sint Mathiaskerk, Maastricht","plaats":"Maastricht","identifier":"RM26800","rijksmonumentnummer":"26800","monumentenregister_url":"https://monumentenregister.cultureelerfgoed.nl/monumenten/26800","huidige_functie":"kerk","geometrie_bron":"muurschilderingendatabase","same_as":["http://www.wikidata.org/entity/Q2655732","https://monumentenregister.cultureelerfgoed.nl/monumenten/26800","https://reliwiki.nl/index.php/Maastricht,_Boschstraat_99_-_Matthias","https://www.kerkgebouwen-in-limburg.nl/kerken/maastricht/matthias"],"afbeelding":"https://muurschilderingendatabase.nl/files/medium/880c3b40846cc2ecfa2acd2da29beaaef4685b4c.jpg"}},{"type":"Feature","geometry":{"type":"Point","coordinates":[5.687964,50.85164]},"properties":{"id":"13867","naam":"Synagoge, Maastricht","plaats":"Maastricht","identifier":"RM26930","rijksmonumentnummer":"26930","monumentenregister_url":"https://monumentenregister.cultureelerfgoed.nl/monumenten/26930","huidige_functie":"synagoge","geometrie_bron":"muurschilderingendatabase","same_as":["http://www.wikidata.org/entity/Q16761550","https://monumentenregister.cultureelerfgoed.nl/monumenten/26930","https://reliwiki.nl/index.php/Maastricht,_Capucijnengang_2_-_Synagoge","https://www.kerkgebouwen-in-limburg.nl/kerken/maastricht/synagoge"],"afbeelding":"https://muurschilderingendatabase.nl/files/medium/126c6fdfe73028b2824961f2acb9d3c2bf415a94.jpg"}},{"type":"Feature","geometry":{"type":"Point","coordinates":[5.682389,50.85026]},"properties":{"id":"13871","naam":"Voormalige Cellebroederskapel, Maastricht","plaats":"Maastricht","identifier":"RM26947","rijksmonumentnummer":"26947","monumentenregister_url":"https://monumentenregister.cultureelerfgoed.nl/monumenten/26947","huidige_functie":"concertzaal","geometrie_bron":"muurschilderingendatabase","same_as":["http://www.wikidata.org/entity/Q1879746","https://monumentenregister.cultureelerfgoed.nl/monumenten/26947","https://reliwiki.nl/index.php/Maastricht,_Brusselsestraat_58_-_Cellebroederskapel","https://www.kerkgebouwen-in-limburg.nl/kerken/maastricht/cellebroederskapel-voormalige"],"afbeelding":"https://muurschilderingendatabase.nl/files/medium/d54c1d5ee3f8c999abe0b4c84b6acf4ab06d2d73.jpg"}},{"type":"Feature","geometry":{"type":"Point","coordinates":[5.689636,50.85012]},"properties":{"id":"13877","naam":"Voormalige Dominicanenkerk, Maastricht","plaats":"Maastricht","identifier":"RM26957","rijksmonumentnummer":"26957","monumentenregister_url":"https://monumentenregister.cultureelerfgoed.nl/monumenten/26957","huidige_functie":"boekwinkel","geometrie_bron":"muurschilderingendatabase","same_as":["http://www.wikidata.org/entity/Q15917815","http://www.wikidata.org/entity/Q2237177","https://monumentenregister.cultureelerfgoed.nl/monumenten/26957","https://reliwiki.nl/index.php/Maastricht,_Dominicanerkerkstraat_1_-_Dominicanenkerk","https://www.kerkgebouwen-in-limburg.nl/kerken/maastricht/dominicanenkerk-en-klooster-voormalige"],"afbeelding":"https://muurschilderingendatabase.nl/files/medium/2f19262b2626216209aba8f99c2e0b805c616a27.jpg"}},{"type":"Feature","geometry":{"type":"Point","coordinates":[5.68663,50.84866]},"properties":{"id":"13886","naam":"Sint Servaas, Maastricht","plaats":"Maastricht","identifier":"RM27168","rijksmonumentnummer":"27168","monumentenregister_url":"https://monumentenregister.cultureelerfgoed.nl/monumenten/27168","huidige_functie":"kerk","geometrie_bron":"muurschilderingendatabase","same_as":["http://www.wikidata.org/entity/Q253935","https://monumentenregister.cultureelerfgoed.nl/monumenten/27168","https://reliwiki.nl/index.php/Maastricht,_Keizer_Karelplein_6_-_Basiliek_St._Servaas","https://www.kerkgebouwen-in-limburg.nl/kerken/maastricht/servatius-basiliek"],"afbeelding":"https://muurschilderingendatabase.nl/files/medium/d54a14b64bd3c637ec7869f63a9c8cb8904d0eb9.jpg"}},{"type":"Feature","geometry":{"type":"Point","coordinates":[5.683803,50.84874]},"properties":{"id":"13893","naam":"Voormalige Kruisherenkerk, Maastricht","plaats":"Maastricht","identifier":"RM27253","rijksmonumentnummer":"27253","monumentenregister_url":"https://monumentenregister.cultureelerfgoed.nl/monumenten/27253","huidige_functie":"hotel","geometrie_bron":"muurschilderingendatabase","same_as":["http://www.wikidata.org/entity/Q17420045","https://monumentenregister.cultureelerfgoed.nl/monumenten/27253","https://reliwiki.nl/index.php/Maastricht,_Kruisherengang_19_-_Kruisherenkerk_(1483_-_2005)","https://www.kerkgebouwen-in-limburg.nl/kerken/maastricht/kruisherenkerk-en-klooster-voormalige"],"afbeelding":"https://muurschilderingendatabase.nl/files/medium/c2804c337a005031a0bbf7a921a53a697662b137.jpg"}},{"type":"Feature","geometry":{"type":"Point","coordinates":[5.686418,50.84713]},"properties":{"id":"13907","naam":" Voormalige Minderbroederskerk, Maastricht","plaats":"Maastricht","identifier":"RM27386","rijksmonumentnummer":"27386","monumentenregister_url":"https://monumentenregister.cultureelerfgoed.nl/monumenten/27386","huidige_functie":"universiteitsgebouw","geometrie_bron":"muurschilderingendatabase","same_as":["http://www.wikidata.org/entity/Q2511754","https://monumentenregister.cultureelerfgoed.nl/monumenten/27386","https://reliwiki.nl/index.php/Maastricht,_Minderbroedersberg_4-6_-_Minderbroederskerk","https://www.kerkgebouwen-in-limburg.nl/kerken/maastricht/minderbroederskerk-en-klooster-voormalige"],"afbeelding":null}},{"type":"Feature","geometry":{"type":"Point","coordinates":[5.693259,50.84746]},"properties":{"id":"13909","naam":"Onze Lieve Vrouwe Basiliek, Maastricht","plaats":"Maastricht","identifier":"RM27454","rijksmonumentnummer":"27454","monumentenregister_url":"https://monumentenregister.cultureelerfgoed.nl/monumenten/27454","huidige_functie":"kerk","geometrie_bron":"muurschilderingendatabase","same_as":["http://www.wikidata.org/entity/Q908127","https://monumentenregister.cultureelerfgoed.nl/monumenten/27454","https://reliwiki.nl/index.php/Maastricht,_Onze_Lieve_Vrouweplein_9_-_Basiliek_Onze_Lieve_Vrouw","https://www.kerkgebouwen-in-limburg.nl/kerken/maastricht/ol-vrouw-tenhemelopneming-basiliek"],"afbeelding":"https://muurschilderingendatabase.nl/files/medium/e064bdf790d70a7c10e47e4d8b4b691794bd7848.jpg"}},{"type":"Feature","geometry":{"type":"Point","coordinates":[5.688471,50.84445]},"properties":{"id":"13940","naam":"Voormalig Begijnenhof, Maastricht","plaats":"Maastricht","identifier":"RM27757","rijksmonumentnummer":"27757","monumentenregister_url":"https://monumentenregister.cultureelerfgoed.nl/monumenten/27757","huidige_functie":"collegezaal","geometrie_bron":"muurschilderingendatabase","same_as":["http://www.wikidata.org/entity/Q17423934","https://monumentenregister.cultureelerfgoed.nl/monumenten/27757","https://reliwiki.nl/index.php/Maastricht,_Zwingelput_4_-_Nieuwenhofkapel","https://www.kerkgebouwen-in-limburg.nl/kerken/maastricht/klooster-van-de-nieuwenhof-voormalig"],"afbeelding":"https://muurschilderingendatabase.nl/files/medium/eff697f917f53272bdecfa006d23b890ddbcd1a6.jpg"}},{"type":"Feature","geometry":{"type":"Point","coordinates":[5.697817,50.89794]},"properties":{"id":"13944","naam":"Mariakapel","plaats":"Itteren","identifier":"RM28084","rijksmonumentnummer":"28084","monumentenregister_url":"https://monumentenregister.cultureelerfgoed.nl/monumenten/28084","huidige_functie":"Wegkapel","geometrie_bron":"muurschilderingendatabase","same_as":["http://www.wikidata.org/entity/Q17428136","https://monumentenregister.cultureelerfgoed.nl/monumenten/28084","https://reliwiki.nl/index.php/Itteren,_Pasestraat_-_Madonna","https://www.kerkgebouwen-in-limburg.nl/kerken/itteren/mariakapel-itteren"],"afbeelding":"https://muurschilderingendatabase.nl/files/medium/404af57752d1ca8cf6d96970285d981e4a25877e.jpg"}},{"type":"Feature","geometry":{"type":"Point","coordinates":[5.175208,51.96216]},"properties":{"id":"13979","naam":"Fort Everdingen","plaats":"Everdingen","identifier":"RM531650","rijksmonumentnummer":"531650","monumentenregister_url":"https://monumentenregister.cultureelerfgoed.nl/monumenten/531650","huidige_functie":"brouwerij; camping","geometrie_bron":"muurschilderingendatabase","same_as":["https://everdingen.fortverhalen.nl/","https://monumentenregister.cultureelerfgoed.nl/complexen/531650","https://nl.wikipedia.org/wiki/Fort_Everdingen","https://www.hollandsewaterlinies.nl/nl/locaties/127446590/fort-everdingen","https://www.kenniscentrumwaterlinies.nl/collectie/locatie/a3b5bca5-b02c-5a8e-ee31-d254eb47b0ac","https://www.wikidata.org/wiki/Q18814171"],"afbeelding":"https://muurschilderingendatabase.nl/files/medium/8723f3fcde61bd2a1599a4489b429cd2e032aa11.jpg"}},{"type":"Feature","geometry":{"type":"Point","coordinates":[5.984287,51.19653]},"properties":{"id":"14046","naam":"Kathedraal Sint Christoffel, Roermond","plaats":"Roermond","identifier":"RM32552","rijksmonumentnummer":"32552","monumentenregister_url":"https://monumentenregister.cultureelerfgoed.nl/monumenten/32552","huidige_functie":"kerk","geometrie_bron":"muurschilderingendatabase","same_as":["https://monumentenregister.cultureelerfgoed.nl/monumenten/32552","https://www.kerkgebouwen-in-limburg.nl/kerken/roermond/christoforus-kathedraal","https://www.wikidata.org/wiki/Q634410"],"afbeelding":"https://muurschilderingendatabase.nl/files/medium/1791f394614f882c5a64742db53df9fea7637e98.jpg"}},{"type":"Feature","geometry":{"type":"Point","coordinates":[5.986107,51.18968]},"properties":{"id":"14050","naam":"Minderbroederskerk, Roermond","plaats":"Roermond","identifier":"RM32579","rijksmonumentnummer":"32579","monumentenregister_url":"https://monumentenregister.cultureelerfgoed.nl/monumenten/32579","huidige_functie":"kerk","geometrie_bron":"muurschilderingendatabase","same_as":["https://monumentenregister.cultureelerfgoed.nl/monumenten/32579","https://reliwiki.nl/index.php/Roermond,_Minderbroederssingel_15_-_Minderbroederskerk","https://www.kerkgebouwen-in-limburg.nl/kerken/roermond/minderbroederskerk-voormaligeprotestantse-kerk","https://www.wikidata.org/wiki/Q17439513"],"afbeelding":"https://muurschilderingendatabase.nl/files/medium/d543887f29540744bdf2235d4c0205e0d0b0b953.jpg"}},{"type":"Feature","geometry":{"type":"Point","coordinates":[5.988843,51.19358]},"properties":{"id":"14054","naam":"Onze-Lieve-Vrouwe-Munsterkerk, Roermond","plaats":"Roermond","identifier":"RM32582","rijksmonumentnummer":"32582","monumentenregister_url":"https://monumentenregister.cultureelerfgoed.nl/monumenten/32582","huidige_functie":"kerk","geometrie_bron":"muurschilderingendatabase","same_as":["https://monumentenregister.cultureelerfgoed.nl/monumenten/32582","https://reliwiki.nl/index.php/Roermond,_Munsterplein_1_-_O.L._Vrouwe_Munsterkerk","https://www.kerkgebouwen-in-limburg.nl/kerken/roermond/ol-vrouwe-munsterkerk","https://www.wikidata.org/wiki/Q908135"],"afbeelding":"https://muurschilderingendatabase.nl/files/medium/2dc964e75dc975900c8fbbdd7b0a57f84c62aa08.jpg"}},{"type":"Feature","geometry":{"type":"Point","coordinates":[5.998218,51.14806]},"properties":{"id":"14073","naam":"Kerk van de H.H. Wiro, Plechelmus en Otgerus, Sint Odiliënberg","plaats":"Sint Odiliënberg","identifier":"RM33643","rijksmonumentnummer":"33643","monumentenregister_url":"https://monumentenregister.cultureelerfgoed.nl/monumenten/33643","huidige_functie":"kerk","geometrie_bron":"muurschilderingendatabase","same_as":["https://monumentenregister.cultureelerfgoed.nl/monumenten/33643","https://reliwiki.nl/index.php/Sint_Odili%C3%ABnberg,_Kerkplein_15_-_Basiliek_H.H._Wiro,_Plechelmus_en_Otgerus","https://www.kerkgebouwen-in-limburg.nl/kerken/odilienberg-st/wiro-plechelmus-otgerus-basiliek","https://www.wikidata.org/wiki/Q2887153"],"afbeelding":"https://muurschilderingendatabase.nl/files/medium/d364a6d40b7edfcd1291978a81d8ad72fc58a704.jpg"}},{"type":"Feature","geometry":{"type":"Point","coordinates":[5.83886,51.01566]},"properties":{"id":"14082","naam":"Sint Salviuskerk, Limbricht","plaats":"Limbricht","identifier":"RM33753","rijksmonumentnummer":"33753","monumentenregister_url":"https://monumentenregister.cultureelerfgoed.nl/monumenten/33753","huidige_functie":"kerk","geometrie_bron":"muurschilderingendatabase","same_as":["https://monumentenregister.cultureelerfgoed.nl/monumenten/33753","https://reliwiki.nl/index.php/Limbricht,_Platz_2_-_St._Salviuskapel","https://www.kerkgebouwen-in-limburg.nl/kerken/limbricht/salvius-oude-kerk","https://www.wikidata.org/wiki/Q942827"],"afbeelding":"https://muurschilderingendatabase.nl/files/medium/58571673bb65d53347f93f775f6f0cabc42f00a3.jpg"}},{"type":"Feature","geometry":{"type":"Point","coordinates":[5.809231,50.76866]},"properties":{"id":"14123","naam":"Brigida, Noorbeek","plaats":"Noorbeek","identifier":"RM34794","rijksmonumentnummer":"34794","monumentenregister_url":"https://monumentenregister.cultureelerfgoed.nl/monumenten/34794","huidige_functie":"kerk","geometrie_bron":"muurschilderingendatabase","same_as":["https://monumentenregister.cultureelerfgoed.nl/monumenten/34794","https://reliwiki.nl/index.php/Noorbeek,_Pley_8_-_Brigida","https://www.kerkgebouwen-in-limburg.nl/kerken/noorbeek/brigida","https://www.wikidata.org/wiki/Q7477373"],"afbeelding":"https://muurschilderingendatabase.nl/files/medium/9a7b947f7e8f377e99a97255fe9e5a020129d72e.jpg"}},{"type":"Feature","geometry":{"type":"Point","coordinates":[5.841951,51.1606]},"properties":{"id":"14145","naam":"Stiftskerk - Abdijkerk Sint Michaël, Thorn","plaats":"Thorn","identifier":"RM35490","rijksmonumentnummer":"35490","monumentenregister_url":"https://monumentenregister.cultureelerfgoed.nl/monumenten/35490","huidige_functie":"kerk","geometrie_bron":"muurschilderingendatabase","same_as":["https://monumentenregister.cultureelerfgoed.nl/monumenten/35490","https://reliwiki.nl/index.php/Thorn,_Kerkberg_2_-_Abdijkerk_St._Micha%C3%ABl","https://www.kerkgebouwen-in-limburg.nl/kerken/thorn/michael-abdijkerk","https://www.wikidata.org/wiki/Q334424"],"afbeelding":"https://muurschilderingendatabase.nl/files/medium/f629a6c4fdf41e2207f47742ac725a85c5493497.jpg"}},{"type":"Feature","geometry":{"type":"Point","coordinates":[5.996333,50.78686]},"properties":{"id":"14167","naam":"Sint Catharinakapel, Lemiers","plaats":"Lemiers","identifier":"RM36676","rijksmonumentnummer":"36676","monumentenregister_url":"https://monumentenregister.cultureelerfgoed.nl/monumenten/36676","huidige_functie":"kerk","geometrie_bron":"muurschilderingendatabase","same_as":["https://monumentenregister.cultureelerfgoed.nl/monumenten/36676","https://reliwiki.nl/index.php/Lemiers,_Oud_Lemiers_16_-_St._Catharinakapel","https://www.kerkgebouwen-in-limburg.nl/kerken/lemiers/catharina-van-alexandrie-zaalkerkje","https://www.wikidata.org/wiki/Q2668615"],"afbeelding":"https://muurschilderingendatabase.nl/files/medium/03f7833bf01554bfeb467ecc65b368b8a29f75f9.jpg"}},{"type":"Feature","geometry":{"type":"Point","coordinates":[5.831218,50.86427]},"properties":{"id":"14176","naam":"Nicolaas en Barbara, Valkenburg","plaats":"Valkenburg","identifier":"RM36777","rijksmonumentnummer":"36777","monumentenregister_url":"https://monumentenregister.cultureelerfgoed.nl/monumenten/36777","huidige_functie":"kerk","geometrie_bron":"muurschilderingendatabase","same_as":["https://monumentenregister.cultureelerfgoed.nl/monumenten/36777","https://reliwiki.nl/index.php/Valkenburg,_Kerkstraat_18_-_Nicolaas_en_Barbara","https://www.kerkgebouwen-in-limburg.nl/kerken/valkenburg/nicolaas-en-barbara","https://www.wikidata.org/wiki/Q2054237"],"afbeelding":"https://muurschilderingendatabase.nl/files/medium/9fa7e9439813818204cd23edcaf45af7f09aa451.jpg"}},{"type":"Feature","geometry":{"type":"Point","coordinates":[6.171689,51.3708]},"properties":{"id":"14202","naam":"Martinuskerk, Venlo","plaats":"Venlo","identifier":"RM37159","rijksmonumentnummer":"37159","monumentenregister_url":"https://monumentenregister.cultureelerfgoed.nl/monumenten/37159","huidige_functie":"kerk","geometrie_bron":"muurschilderingendatabase","same_as":["https://monumentenregister.cultureelerfgoed.nl/monumenten/37159","https://reliwiki.nl/index.php/Venlo,_Grote_Kerkstraat_40_-_Martinusbasiliek","https://www.kerkgebouwen-in-limburg.nl/kerken/venlo/martinus-basiliek","https://www.wikidata.org/wiki/Q911457"],"afbeelding":"https://muurschilderingendatabase.nl/files/medium/b24ac2edd21e84d3e2b61bf17d0d8094f214628d.jpg"}},{"type":"Feature","geometry":{"type":"Point","coordinates":[5.975601,51.52741]},"properties":{"id":"14207","naam":"Petrus’ Banden, Venray","plaats":"Venray","identifier":"RM37209","rijksmonumentnummer":"37209","monumentenregister_url":"https://monumentenregister.cultureelerfgoed.nl/monumenten/37209","huidige_functie":"kerk","geometrie_bron":"muurschilderingendatabase","same_as":["https://monumentenregister.cultureelerfgoed.nl/monumenten/37209","https://reliwiki.nl/index.php/Venray,_Grote_Markt_24_-_Petrus%27_Banden","https://www.kerkgebouwen-in-limburg.nl/kerken/venray/petrus-banden","https://www.wikidata.org/wiki/Q1878904"],"afbeelding":"https://muurschilderingendatabase.nl/files/medium/38e588145bbd24baa51bcf7cd355c8beba9d4ca4.jpg"}},{"type":"Feature","geometry":{"type":"Point","coordinates":[5.979114,51.50969]},"properties":{"id":"14217","naam":"Sint Catharinakerk, Leunen","plaats":"Leunen","identifier":"RM37219","rijksmonumentnummer":"37219","monumentenregister_url":"https://monumentenregister.cultureelerfgoed.nl/monumenten/37219","huidige_functie":"kerk","geometrie_bron":"muurschilderingendatabase","same_as":["https://monumentenregister.cultureelerfgoed.nl/monumenten/37219","https://reliwiki.nl/index.php/Leunen,_Kapelweg_1_-_Catharina","https://www.kerkgebouwen-in-limburg.nl/kerken/leunen/catharina-en-urbanus","https://www.wikidata.org/wiki/Q17445626"],"afbeelding":"https://muurschilderingendatabase.nl/files/medium/86d84f441fdcc3216a9ef64ae935c79751dad6da.jpg"}},{"type":"Feature","geometry":{"type":"Point","coordinates":[5.706822,51.25359]},"properties":{"id":"14232","naam":"Martinus, Weert","plaats":"Weert","identifier":"RM38446","rijksmonumentnummer":"38446","monumentenregister_url":"https://monumentenregister.cultureelerfgoed.nl/monumenten/38446","huidige_functie":"kerk","geometrie_bron":"muurschilderingendatabase","same_as":["https://monumentenregister.cultureelerfgoed.nl/monumenten/38446","https://reliwiki.nl/index.php/Weert,_Markt_8_-_Martinus","https://www.kerkgebouwen-in-limburg.nl/kerken/weert/martinus","https://www.wikidata.org/wiki/Q761500"],"afbeelding":"https://muurschilderingendatabase.nl/files/medium/cfadf66590e4cace479447bb3df9d8aeaba71099.jpg"}},{"type":"Feature","geometry":{"type":"Point","coordinates":[5.912383,50.77682]},"properties":{"id":"14247","naam":"Paulus’ Bekering, Epen","plaats":"Epen","identifier":"RM39150","rijksmonumentnummer":"39150","monumentenregister_url":"https://monumentenregister.cultureelerfgoed.nl/monumenten/39150","huidige_functie":"kerk","geometrie_bron":"muurschilderingendatabase","same_as":["http://www.wikidata.org/entity/Q2055927","https://monumentenregister.cultureelerfgoed.nl/monumenten/39150","https://reliwiki.nl/index.php/Epen,_Kapelaan_Houbenstraat_3_-_Paulus%27_Bekering","https://www.kerkgebouwen-in-limburg.nl/kerken/epen/paulus-bekering"],"afbeelding":"https://muurschilderingendatabase.nl/files/medium/957a02d6dd3a464260b126dacda1528a16c0c657.jpg"}},{"type":"Feature","geometry":{"type":"Point","coordinates":[5.937128,50.81037]},"properties":{"id":"14262","naam":"Cunibertus en Dionysius, Wahlwiller","plaats":"Wahlwiller","identifier":"RM41953","rijksmonumentnummer":"41953","monumentenregister_url":"https://monumentenregister.cultureelerfgoed.nl/monumenten/41953","huidige_functie":"kerk","geometrie_bron":"muurschilderingendatabase","same_as":["https://monumentenregister.cultureelerfgoed.nl/monumenten/41953","https://reliwiki.nl/index.php/Wittem,_Oude_Baan_23_-_Cunibertus_en_Dionysius","https://www.kerkgebouwen-in-limburg.nl/kerken/wahlwiller/cunibertus","https://www.wikidata.org/wiki/Q2070974"],"afbeelding":"https://muurschilderingendatabase.nl/files/medium/f5a32cb6f5c23624cab6af4c24a2da4c42b445b3.jpg"}},{"type":"Feature","geometry":{"type":"Point","coordinates":[6.026818,50.86767]},"properties":{"id":"14315","naam":"O.L. Vrouw Onbevlekt Ontvangen, Terwinselen","plaats":"Terwinselen","identifier":"RM513738","rijksmonumentnummer":"513738","monumentenregister_url":"https://monumentenregister.cultureelerfgoed.nl/monumenten/513738","huidige_functie":"kerk","geometrie_bron":"muurschilderingendatabase","same_as":["https://monumentenregister.cultureelerfgoed.nl/monumenten/513738","https://reliwiki.nl/index.php/Kerkrade,_Sint_Hubertuslaan_80_-_O.L._Vrouw_Onbevlekt_Ontvangenkerk","https://www.kerkgebouwen-in-limburg.nl/kerken/terwinselen/ol-vrouw-onbevlekt-ontvangen","https://www.wikidata.org/wiki/Q7478200"],"afbeelding":"https://muurschilderingendatabase.nl/files/medium/4b2322d37d4c74d8571d68e5f660bae36e11172e.jpg"}},{"type":"Feature","geometry":{"type":"Point","coordinates":[5.99743361753925,51.18113558650829]},"properties":{"id":"14323","naam":"Kapel in 't Zand, Roermond","plaats":"Roermond","identifier":"RM520505","rijksmonumentnummer":"520505","monumentenregister_url":"https://monumentenregister.cultureelerfgoed.nl/monumenten/520505","huidige_functie":"kerk","geometrie_bron":"rijksmonumentenregister_centroid","same_as":["https://monumentenregister.cultureelerfgoed.nl/monumenten/520505","https://reliwiki.nl/index.php/Roermond,_Parklaan_1_-_Kapel_in_%27t_Zand","https://www.kerkgebouwen-in-limburg.nl/kerken/roermond/olvrouw-ten-hemelopneming-kapel-in-t-zand-klooster-kruiswegpark","https://www.wikidata.org/wiki/Q17596997"],"afbeelding":"https://muurschilderingendatabase.nl/files/medium/330a326931ceb932ab24b39a6c66b48235d00e04.jpg"}},{"type":"Feature","geometry":{"type":"Point","coordinates":[5.826842,51.0017]},"properties":{"id":"14335","naam":"O.L. Vrouw ten Hemelopneming, Einighausen","plaats":"Einighausen","identifier":"RM521630","rijksmonumentnummer":"521630","monumentenregister_url":"https://monumentenregister.cultureelerfgoed.nl/monumenten/521630","huidige_functie":"kerk","geometrie_bron":"muurschilderingendatabase","same_as":["https://monumentenregister.cultureelerfgoed.nl/monumenten/521630","https://reliwiki.nl/index.php/Einighausen,_Heistraat_11_-_O.L._Vrouw_ten_Hemelopneming","https://www.kerkgebouwen-in-limburg.nl/kerken/einighausen/ol-vrouw-tenhemelopneming","https://www.wikidata.org/wiki/Q17598375"],"afbeelding":"https://muurschilderingendatabase.nl/files/medium/6afa60c25e6d8c78a187d5381e8125af074d4b4e.jpg"}},{"type":"Feature","geometry":{"type":"Point","coordinates":[6.169027,51.37039]},"properties":{"id":"14631","naam":"Stadhuis, Venlo","plaats":"Venlo","identifier":"RM37165","rijksmonumentnummer":"37165","monumentenregister_url":"https://monumentenregister.cultureelerfgoed.nl/monumenten/37165","huidige_functie":"stadhuis","geometrie_bron":"muurschilderingendatabase","same_as":["https://monumentenregister.cultureelerfgoed.nl/monumenten/37165","https://www.wikidata.org/wiki/Q2022444"],"afbeelding":"https://muurschilderingendatabase.nl/files/medium/24651a2e3c34600b44f385a18c0c4d14f1cb9583.jpg"}},{"type":"Feature","geometry":{"type":"Point","coordinates":[4.890817,52.38143]},"properties":{"id":"14717","naam":"De Posthoorn, Amsterdam","plaats":"Amterdam","identifier":"RM1289","rijksmonumentnummer":"1289","monumentenregister_url":"https://monumentenregister.cultureelerfgoed.nl/monumenten/1289","huidige_functie":"cultureel en maatschappelijk","geometrie_bron":"muurschilderingendatabase","same_as":["https://monumentenregister.cultureelerfgoed.nl/monumenten/1289","https://reliwiki.nl/index.php/Amsterdam,_Haarlemmerstraat_124_-_O.L._Vrouw_Onbevlekt_Ontvangen_(De_Posthoorn)","https://www.wikidata.org/wiki/Q2675099"],"afbeelding":"https://muurschilderingendatabase.nl/files/medium/c7afb1e0f8fbf7d4ad6e2ba66bd0cd8117c4f6f8.jpg"}},{"type":"Feature","geometry":{"type":"Point","coordinates":[5.047725,52.51547]},"properties":{"id":"14721","naam":"Grote kerk, Edam","plaats":"Edam","identifier":"RM14320","rijksmonumentnummer":"14320","monumentenregister_url":"https://monumentenregister.cultureelerfgoed.nl/monumenten/14320","huidige_functie":"kerk","geometrie_bron":"muurschilderingendatabase","same_as":["https://monumentenregister.cultureelerfgoed.nl/monumenten/14320","https://reliwiki.nl/index.php/Edam,_Grote_Kerkstraat_59_-_Grote_of_Sint_Nicolaaskerk","https://www.wikidata.org/wiki/Q2284610"],"afbeelding":"https://muurschilderingendatabase.nl/files/medium/182e826a4e83d18ae0a8357a62a16b27b6058cfb.jpg"}},{"type":"Feature","geometry":{"type":"Point","coordinates":[5.293096,52.70393]},"properties":{"id":"14737","naam":"Pancras, Enkhuizen","plaats":"Enkhuizen","identifier":"RM15268","rijksmonumentnummer":"15268","monumentenregister_url":"https://monumentenregister.cultureelerfgoed.nl/monumenten/15268","huidige_functie":"kerk","geometrie_bron":"muurschilderingendatabase","same_as":["https://monumentenregister.cultureelerfgoed.nl/monumenten/15268","https://reliwiki.nl/index.php/Enkhuizen,_Zuiderkerksteeg_1_-_Zuider-_of_Sint_Pancraskerk","https://www.wikidata.org/wiki/Q228627"],"afbeelding":"https://muurschilderingendatabase.nl/files/medium/1969bd5920a5d2d2430048486bc55007e8bb20ba.jpg"}},{"type":"Feature","geometry":{"type":"Point","coordinates":[4.630409,52.37204]},"properties":{"id":"14754","naam":"Paviljoen Welgelegen, Haarlem","plaats":"Haarlem","identifier":"RM19043","rijksmonumentnummer":"19043","monumentenregister_url":"https://monumentenregister.cultureelerfgoed.nl/monumenten/19043","huidige_functie":"provinciehuis","geometrie_bron":"muurschilderingendatabase","same_as":["https://monumentenregister.cultureelerfgoed.nl/monumenten/19043"],"afbeelding":"https://muurschilderingendatabase.nl/files/medium/826a75e50b3cd89c515c0a1fd885751bfc9818cd.jpg"}},{"type":"Feature","geometry":{"type":"Point","coordinates":[5.103739,52.77322]},"properties":{"id":"14800","naam":"Bonifacius, Medemblik","plaats":"Medemblik","identifier":"RM28363","rijksmonumentnummer":"28363","monumentenregister_url":"https://monumentenregister.cultureelerfgoed.nl/monumenten/28363","huidige_functie":"kerk","geometrie_bron":"muurschilderingendatabase","same_as":["https://monumentenregister.cultureelerfgoed.nl/monumenten/28363","https://reliwiki.nl/index.php/Medemblik,_Kerkplein_9_-_Bonifaciuskerk","https://www.wikidata.org/wiki/Q2863705"],"afbeelding":"https://muurschilderingendatabase.nl/files/medium/3fed74e348bd24ccaf84e8da985eac37394d0dd5.jpg"}},{"type":"Feature","geometry":{"type":"Point","coordinates":[5.068649,52.32906]},"properties":{"id":"14826","naam":"Nicolaas, Muiden","plaats":"Muiden","identifier":"RM30120","rijksmonumentnummer":"30120","monumentenregister_url":"https://monumentenregister.cultureelerfgoed.nl/monumenten/30120","huidige_functie":"kerk","geometrie_bron":"muurschilderingendatabase","same_as":["https://monumentenregister.cultureelerfgoed.nl/monumenten/30120","https://reliwiki.nl/index.php/Muiden,_Herengracht_83_-_Nicolaas","https://www.wikidata.org/wiki/Q17436483"],"afbeelding":"https://muurschilderingendatabase.nl/files/medium/89297700ef0465b0c5a170563cb909aa2c3554cb.jpg"}},{"type":"Feature","geometry":{"type":"Point","coordinates":[5.162987,52.29575]},"properties":{"id":"14832","naam":"Grote kerk, Naarden","plaats":"Naarden","identifier":"RM30227","rijksmonumentnummer":"30227","monumentenregister_url":"https://monumentenregister.cultureelerfgoed.nl/monumenten/30227","huidige_functie":"kerk","geometrie_bron":"muurschilderingendatabase","same_as":["https://monumentenregister.cultureelerfgoed.nl/monumentenregister?tekst=30227","https://reliwiki.nl/index.php/Naarden,_Marktstraat_13_-_Grote_of_Sint_Vituskerk","https://www.wikidata.org/wiki/Q2331271"],"afbeelding":"https://muurschilderingendatabase.nl/files/medium/aa79bb93da40f275cbd57e08ee47df0a7c1d81d2.jpg"}},{"type":"Feature","geometry":{"type":"Point","coordinates":[5.042224,52.30727]},"properties":{"id":"14867","naam":"Grote kerk, Weesp","plaats":"Weesp","identifier":"RM38550","rijksmonumentnummer":"38550","monumentenregister_url":"https://monumentenregister.cultureelerfgoed.nl/monumenten/38550","huidige_functie":"kerk","geometrie_bron":"muurschilderingendatabase","same_as":["https://monumentenregister.cultureelerfgoed.nl/monumenten/38550","https://reliwiki.nl/index.php/Weesp,_Nieuwstraat_31_-_Grote_of_Laurenskerk","https://www.wikidata.org/wiki/Q2320896"],"afbeelding":"https://muurschilderingendatabase.nl/files/medium/73c6c3255ce5de42e3595e3075ce59b2f5f19686.jpg"}},{"type":"Feature","geometry":{"type":"Point","coordinates":[4.894707,52.36651]},"properties":{"id":"14896","naam":"Theater Tuschinski, Amsterdam","plaats":"Amsterdam","identifier":"RM4828","rijksmonumentnummer":"4828","monumentenregister_url":"https://monumentenregister.cultureelerfgoed.nl/monumenten/4828","huidige_functie":"Bioscoop","geometrie_bron":"muurschilderingendatabase","same_as":["https://monumentenregister.cultureelerfgoed.nl/monumenten/4828"],"afbeelding":"https://muurschilderingendatabase.nl/files/medium/637a9b4474cfebced7d83fc3d353e1f6fdf7a40c.jpg"}},{"type":"Feature","geometry":{"type":"Point","coordinates":[5.161971,52.27713]},"properties":{"id":"14918","naam":"Onze Lieve Vrouwe van Altijddurende Bijstand, Bussum","plaats":"Bussum","identifier":"RM513238","rijksmonumentnummer":"513238","monumentenregister_url":"https://monumentenregister.cultureelerfgoed.nl/monumenten/513238","huidige_functie":"kerk","geometrie_bron":"muurschilderingendatabase","same_as":["https://monumentenregister.cultureelerfgoed.nl/monumenten/513238","https://reliwiki.nl/index.php/Bussum,_Brinklaan_40a_-_O.L._Vrouw_van_Altijddurende_Bijstand_(Mariakerk)","https://www.wikidata.org/wiki/Q2640218"],"afbeelding":"https://muurschilderingendatabase.nl/files/medium/8010ce4020bcf45faccc4dc17f3c7f2f7af3efbc.jpg"}},{"type":"Feature","geometry":{"type":"Point","coordinates":[4.888029,52.36779]},"properties":{"id":"14944","naam":"De Krijtberg, Amsterdam","plaats":"Amsterdam","identifier":"RM5399","rijksmonumentnummer":"5399","monumentenregister_url":"https://monumentenregister.cultureelerfgoed.nl/monumenten/5399","huidige_functie":"kerk","geometrie_bron":"muurschilderingendatabase","same_as":["https://monumentenregister.cultureelerfgoed.nl/monumenten/5399","https://reliwiki.nl/index.php/Amsterdam,_Singel_446_-_Franciscus_Xaverius_(De_Krijtberg)","https://www.wikidata.org/wiki/Q1180056"],"afbeelding":"https://muurschilderingendatabase.nl/files/medium/9a54e6c14c85b42579cc039add41b7032d28552a.jpg"}},{"type":"Feature","geometry":{"type":"Point","coordinates":[4.893442,52.37697]},"properties":{"id":"14949","naam":"Dominicus, Amsterdam","plaats":"Amsterdam","identifier":"RM5621","rijksmonumentnummer":"5621","monumentenregister_url":"https://monumentenregister.cultureelerfgoed.nl/monumenten/5621","huidige_functie":"kerk","geometrie_bron":"muurschilderingendatabase","same_as":["https://monumentenregister.cultureelerfgoed.nl/monumenten/5621","https://reliwiki.nl/index.php/Amsterdam,_Spuistraat_14_-_Dominicus","https://www.wikidata.org/wiki/Q3474444"],"afbeelding":"https://muurschilderingendatabase.nl/files/medium/f18e3e42e9b592a0387a35e48f240a13e157cf53.jpg"}},{"type":"Feature","geometry":{"type":"Point","coordinates":[4.885206,52.36019]},"properties":{"id":"14953","naam":"Rijksmuseum, Amsterdam","plaats":"Amsterdam","identifier":"RM5680","rijksmonumentnummer":"5680","monumentenregister_url":"https://monumentenregister.cultureelerfgoed.nl/monumenten/5680","huidige_functie":"museum","geometrie_bron":"muurschilderingendatabase","same_as":["https://monumentenregister.cultureelerfgoed.nl/monumenten/5680","https://www.wikidata.org/wiki/Q17307050"],"afbeelding":"https://muurschilderingendatabase.nl/files/medium/b3c00e9cc24f0542236741d05ddd778c705aa0e3.jpg"}},{"type":"Feature","geometry":{"type":"Point","coordinates":[4.891692,52.37392]},"properties":{"id":"14961","naam":"Nieuwe Kerk, Amsterdam","plaats":"Amsterdam","identifier":"RM5940","rijksmonumentnummer":"5940","monumentenregister_url":"https://monumentenregister.cultureelerfgoed.nl/monumenten/5940","huidige_functie":"cultureel","geometrie_bron":"muurschilderingendatabase","same_as":["https://monumentenregister.cultureelerfgoed.nl/monumenten/5940","https://reliwiki.nl/index.php/Amsterdam,_Dam_12_-_Nieuwe_Kerk","https://www.wikidata.org/wiki/Q1419675"],"afbeelding":"https://muurschilderingendatabase.nl/files/medium/534d98cef183f43e9e3f43c8af22502a8b392dfe.jpg"}},{"type":"Feature","geometry":{"type":"Point","coordinates":[4.962257264219356,51.95732326757268]},"properties":{"id":"15019","naam":"Herv. Kerk, Ameide","plaats":"Ameide","identifier":"RM7571","rijksmonumentnummer":"7571","monumentenregister_url":"https://monumentenregister.cultureelerfgoed.nl/monumenten/7571","huidige_functie":"kerk","geometrie_bron":"rijksmonumentenregister_centroid","same_as":["https://monumentenregister.cultureelerfgoed.nl/monumenten/7571","https://reliwiki.nl/index.php/Ameide,_Kerkstraat_10_-_Hervormde_Kerk","https://www.wikidata.org/wiki/Q17611973"],"afbeelding":"https://muurschilderingendatabase.nl/files/medium/3e4be9a808d13f5b1f5deca4afd3a30b8658346b.jpg"}},{"type":"Feature","geometry":{"type":"Point","coordinates":[4.101394,51.74784]},"properties":{"id":"15037","naam":"Dorpskerk, Dirksland","plaats":"Dirksland","identifier":"RM10260","rijksmonumentnummer":"10260","monumentenregister_url":"https://monumentenregister.cultureelerfgoed.nl/monumenten/10260","huidige_functie":"kerk","geometrie_bron":"muurschilderingendatabase","same_as":["https://monumentenregister.cultureelerfgoed.nl/monumenten/10260","https://reliwiki.nl/index.php/Dirksland,_Ring_2_-_Dorpskerk","https://www.wikidata.org/wiki/Q17343496"],"afbeelding":"https://muurschilderingendatabase.nl/files/medium/57e4d8871dd7266059d6600240213fe51d7a8414.jpg"}},{"type":"Feature","geometry":{"type":"Point","coordinates":[4.162669,51.90262]},"properties":{"id":"15043","naam":"Catharijnekerk, Brielle","plaats":"Brielle","identifier":"RM10646","rijksmonumentnummer":"10646","monumentenregister_url":"https://monumentenregister.cultureelerfgoed.nl/monumenten/10646","huidige_functie":"kerk","geometrie_bron":"muurschilderingendatabase","same_as":["https://monumentenregister.cultureelerfgoed.nl/monumenten/10646","https://reliwiki.nl/index.php/Brielle,_Sint_Catharijnehof_1_-_Sint_Catharijnekerk","https://www.wikidata.org/wiki/Q1524338"],"afbeelding":"https://muurschilderingendatabase.nl/files/medium/e9be8b8d345b96ac8c60a4bb36057d0ff76ffdcc.jpg"}},{"type":"Feature","geometry":{"type":"Point","coordinates":[4.660031,51.81435]},"properties":{"id":"15069","naam":"Grote kerk, Dordrecht","plaats":"Dordrecht","identifier":"RM13417","rijksmonumentnummer":"13417","monumentenregister_url":"https://monumentenregister.cultureelerfgoed.nl/monumenten/13417","huidige_functie":"kerk","geometrie_bron":"muurschilderingendatabase","same_as":["https://monumentenregister.cultureelerfgoed.nl/monumenten/13417","https://reliwiki.nl/index.php/Dordrecht,_Lange_Geldersekade_2_-_Grote_of_Onze_Lieve_Vrouwekerk","https://www.wikidata.org/wiki/Q2024749"],"afbeelding":"https://muurschilderingendatabase.nl/files/medium/42cf24d79b1e0ea05873c85037fb92f3db6ffec4.jpg"}},{"type":"Feature","geometry":{"type":"Point","coordinates":[4.670535,51.81539]},"properties":{"id":"15095","naam":"Statenzaal, Dordrecht","plaats":"Dordrecht","identifier":"RM13438","rijksmonumentnummer":"13438","monumentenregister_url":"https://monumentenregister.cultureelerfgoed.nl/monumenten/13438","huidige_functie":"museum","geometrie_bron":"muurschilderingendatabase","same_as":["https://monumentenregister.cultureelerfgoed.nl/monumenten/13438","https://www.wikidata.org/wiki/Q17340261"],"afbeelding":"https://muurschilderingendatabase.nl/files/medium/b6846acb57dbc9f3b9dca39cc6e72667da0e0e77.jpg"}},{"type":"Feature","geometry":{"type":"Point","coordinates":[4.888098,51.90345]},"properties":{"id":"15130","naam":"Hervormde Kerk, Goudriaan","plaats":"Goudriaan","identifier":"RM17034","rijksmonumentnummer":"17034","monumentenregister_url":"https://monumentenregister.cultureelerfgoed.nl/monumenten/17034","huidige_functie":"kerk","geometrie_bron":"muurschilderingendatabase","same_as":["https://monumentenregister.cultureelerfgoed.nl/monumenten/17034","https://reliwiki.nl/index.php/Goudriaan,_Noordzijde_17_-_Hervormde_Kerk","https://www.wikidata.org/wiki/Q2438382"],"afbeelding":"https://muurschilderingendatabase.nl/files/medium/b4f350bc0b20b3341e5f1cea49e3bc4f3a4f81ad.jpg"}},{"type":"Feature","geometry":{"type":"Point","coordinates":[4.314013,52.08026]},"properties":{"id":"15139","naam":"Binnenhof, ’s-Gravenhage","plaats":"Den Haag","identifier":"RM17477","rijksmonumentnummer":"17477","monumentenregister_url":"https://monumentenregister.cultureelerfgoed.nl/monumenten/17477","huidige_functie":"vergaderzaal","geometrie_bron":"muurschilderingendatabase","same_as":["https://monumentenregister.cultureelerfgoed.nl/monumenten/17477","https://www.wikidata.org/wiki/Q17341933"],"afbeelding":null}},{"type":"Feature","geometry":{"type":"Point","coordinates":[4.304604,52.08204]},"properties":{"id":"15177","naam":"Koepel van Fagel","plaats":"Den Haag","identifier":"RM17854","rijksmonumentnummer":"17854","monumentenregister_url":"https://monumentenregister.cultureelerfgoed.nl/monumenten/17854","huidige_functie":"theekoepel","geometrie_bron":"muurschilderingendatabase","same_as":["https://monumentenregister.cultureelerfgoed.nl/monumenten/17854","https://www.wikidata.org/wiki/Q140362518"],"afbeelding":null}},{"type":"Feature","geometry":{"type":"Point","coordinates":[4.309113,52.08328]},"properties":{"id":"15212","naam":"Jacobus de Meerdere, ’s-Gravenhage","plaats":"Den Haag","identifier":"RM17871","rijksmonumentnummer":"17871","monumentenregister_url":"https://monumentenregister.cultureelerfgoed.nl/monumenten/17871","huidige_functie":"kerk","geometrie_bron":"muurschilderingendatabase","same_as":["https://monumentenregister.cultureelerfgoed.nl/monumenten/17871","https://monumentenzorgdenhaag.nl/monumenten/parkstraat-65a","https://reliwiki.nl/index.php/,s-Gravenhage,_Parkstraat_65a_-_Jacobus_de_Meerdere","https://www.wikidata.org/wiki/Q2188986"],"afbeelding":"https://muurschilderingendatabase.nl/files/medium/722d3cfa46efa0721bfae59758a6241c5a24e8f1.jpg"}},{"type":"Feature","geometry":{"type":"Point","coordinates":[4.307101,52.07721]},"properties":{"id":"15221","naam":"Grote Kerk, ’s-Gravenhage","plaats":" ’s-Gravenhage","identifier":"RM17970","rijksmonumentnummer":"17970","monumentenregister_url":"https://monumentenregister.cultureelerfgoed.nl/monumenten/17970","huidige_functie":"kerk","geometrie_bron":"muurschilderingendatabase","same_as":["http://www.wikidata.org/entity/Q456130","https://monumentenregister.cultureelerfgoed.nl/monumenten/17970","https://reliwiki.nl/index.php/,s-Gravenhage,_Rond_de_Grote_Kerk_10_-_Grote_of_St._Jacobskerk"],"afbeelding":"https://muurschilderingendatabase.nl/files/medium/1b630bc332d002453e45c24a3f7a3bd0ceedf489.jpg"}},{"type":"Feature","geometry":{"type":"Point","coordinates":[4.423857,52.19614]},"properties":{"id":"15238","naam":"Dorpskerk, Katwijk","plaats":"Katwijk","identifier":"RM23517","rijksmonumentnummer":"23517","monumentenregister_url":"https://monumentenregister.cultureelerfgoed.nl/monumenten/23517","huidige_functie":"kerk","geometrie_bron":"muurschilderingendatabase","same_as":["https://monumentenregister.cultureelerfgoed.nl/monumenten/23517","https://reliwiki.nl/index.php/Katwijk_aan_den_Rijn,_Kerklaan_12_-_Dorpskerk","https://www.wikidata.org/wiki/Q2644598"],"afbeelding":"https://muurschilderingendatabase.nl/files/medium/a905c28d5efc304b47d87afe2ff13195122c5825.jpg"}},{"type":"Feature","geometry":{"type":"Point","coordinates":[5.093068,51.89102]},"properties":{"id":"15244","naam":"Grote Kerk, Leerdam","plaats":"Leerdam","identifier":"RM24039","rijksmonumentnummer":"24039","monumentenregister_url":"https://monumentenregister.cultureelerfgoed.nl/monumenten/24039","huidige_functie":"kerk","geometrie_bron":"muurschilderingendatabase","same_as":["https://monumentenregister.cultureelerfgoed.nl/monumenten/24039","https://reliwiki.nl/index.php/Leerdam,_Kerkstraat_32_-_Grote_Kerk","https://www.wikidata.org/wiki/Q5589629"],"afbeelding":"https://muurschilderingendatabase.nl/files/medium/cf296442b694e7653949037abd4ce825edd669cf.jpg"}},{"type":"Feature","geometry":{"type":"Point","coordinates":[4.490556,52.16201]},"properties":{"id":"15249","naam":"Marekerk, Leiden","plaats":"Leiden","identifier":"RM25069","rijksmonumentnummer":"25069","monumentenregister_url":"https://monumentenregister.cultureelerfgoed.nl/monumenten/25069","huidige_functie":"kerk","geometrie_bron":"muurschilderingendatabase","same_as":["https://monumentenregister.cultureelerfgoed.nl/monumenten/25069","https://reliwiki.nl/index.php/Leiden,_Lange_Mare_48_-_Marekerk","https://www.wikidata.org/wiki/Q2781104"],"afbeelding":"https://muurschilderingendatabase.nl/files/medium/128a6f2628aa8199b668805b058c45a9e3b94589.jpg"}},{"type":"Feature","geometry":{"type":"Point","coordinates":[4.487853,52.15762]},"properties":{"id":"15256","naam":"Pieterskerk, Leiden","plaats":"Leiden","identifier":"RM25446","rijksmonumentnummer":"25446","monumentenregister_url":"https://monumentenregister.cultureelerfgoed.nl/monumenten/25446","huidige_functie":"kerk","geometrie_bron":"muurschilderingendatabase","same_as":["https://monumentenregister.cultureelerfgoed.nl/monumenten/25446","https://reliwiki.nl/index.php/Leiden,_Pieterskerkhof_1A_-_Pieterskerk","https://www.wikidata.org/wiki/Q1537972"],"afbeelding":"https://muurschilderingendatabase.nl/files/medium/46461b633e4ded8a18fe958dee035de838d26e02.jpg"}},{"type":"Feature","geometry":{"type":"Point","coordinates":[4.817857,51.8754]},"properties":{"id":"15321","naam":"Hervormde kerk, Molenaarsgraaf ","plaats":"Molenaarsgraaf ","identifier":"RM29952","rijksmonumentnummer":"29952","monumentenregister_url":"https://monumentenregister.cultureelerfgoed.nl/monumenten/29952","huidige_functie":"kerk","geometrie_bron":"muurschilderingendatabase","same_as":["https://monumentenregister.cultureelerfgoed.nl/monumenten/29952","https://reliwiki.nl/index.php/Molenaarsgraaf,_Dorpsstraat_28_-_Hervormde_Kerk","https://www.wikidata.org/wiki/Q17435858"],"afbeelding":"https://muurschilderingendatabase.nl/files/medium/63ee93d1fe0eb39442a0f7341d0928d01c8380a0.jpg"}},{"type":"Feature","geometry":{"type":"Point","coordinates":[4.492973,51.79798]},"properties":{"id":"15327","naam":"Hervormde kerk, Mijnsheerenland","plaats":"Mijnsheerenland","identifier":"RM30147","rijksmonumentnummer":"30147","monumentenregister_url":"https://monumentenregister.cultureelerfgoed.nl/monumenten/30147","huidige_functie":"kerk","geometrie_bron":"muurschilderingendatabase","same_as":["https://monumentenregister.cultureelerfgoed.nl/monumenten/30147","https://reliwiki.nl/index.php/Mijnsheerenland,_Kerkstraat_5_-_Laurentiuskerk","https://www.wikidata.org/wiki/Q17436519"],"afbeelding":"https://muurschilderingendatabase.nl/files/medium/1915dd3d0aa20232f030fb5eead4fda6d38e9dd5.jpg"}},{"type":"Feature","geometry":{"type":"Point","coordinates":[4.404621,51.91789]},"properties":{"id":"15359","naam":"Liduïna Rozenkransbasiliek, Schiedam","plaats":"Schiedam","identifier":"33276","rijksmonumentnummer":"33276","monumentenregister_url":"https://monumentenregister.cultureelerfgoed.nl/monumenten/33276","huidige_functie":"kerk","geometrie_bron":"muurschilderingendatabase","same_as":["https://monumentenregister.cultureelerfgoed.nl/monumenten/33276","https://reliwiki.nl/index.php/Schiedam,_Singel_106_-_Basiliek_van_de_H._Liduina_en_Onze-Lieve-Vrouw_van_de_Rozenkrans","https://www.wikidata.org/wiki/Q2442622"],"afbeelding":"https://muurschilderingendatabase.nl/files/medium/05188694afcc619125656a1da5854a93ccfe272b.jpg"}},{"type":"Feature","geometry":{"type":"Point","coordinates":[4.947571,51.96215]},"properties":{"id":"15373","naam":"Hervormde Kerk, Tienhoven aan de Lek","plaats":"Tienhoven aan de Lek","identifier":"RM35631","rijksmonumentnummer":"35631","monumentenregister_url":"https://monumentenregister.cultureelerfgoed.nl/monumenten/35631","huidige_functie":"kerk","geometrie_bron":"muurschilderingendatabase","same_as":["https://monumentenregister.cultureelerfgoed.nl/monumenten/35631","https://reliwiki.nl/index.php/Tienhoven,_Lekdijk_74_-_Hervormde_Kerk","https://www.wikidata.org/wiki/Q17443742"],"afbeelding":"https://muurschilderingendatabase.nl/files/medium/5cdf329b8b0dc827e61b1facd7923710650b7118.jpg"}},{"type":"Feature","geometry":{"type":"Point","coordinates":[4.341937,51.90801]},"properties":{"id":"15382","naam":"Stadhuis, Vlaardingen","plaats":"Vlaardingen","identifier":"RM37416","rijksmonumentnummer":"37416","monumentenregister_url":"https://monumentenregister.cultureelerfgoed.nl/monumenten/37416","huidige_functie":"stadhuis","geometrie_bron":"muurschilderingendatabase","same_as":["https://monumentenregister.cultureelerfgoed.nl/monumenten/37416","https://www.wikidata.org/wiki/Q17445832"],"afbeelding":"https://muurschilderingendatabase.nl/files/medium/41c62276975e6eaad6a6a782e5e462dd18ab80d3.jpg"}},{"type":"Feature","geometry":{"type":"Point","coordinates":[4.373777,52.07234]},"properties":{"id":"15385","naam":"Martinus, Voorburg","plaats":"Voorburg","identifier":"RM37965","rijksmonumentnummer":"37965","monumentenregister_url":"https://monumentenregister.cultureelerfgoed.nl/monumenten/37965","huidige_functie":"kerk","geometrie_bron":"muurschilderingendatabase","same_as":["https://monumentenregister.cultureelerfgoed.nl/monumenten/37965","https://reliwiki.nl/index.php/Voorburg,_Oosteinde_56_-_Martinus","https://www.wikidata.org/wiki/Q7477122"],"afbeelding":"https://muurschilderingendatabase.nl/files/medium/18fce8af392624b2a0c8af6bd809922cecdf77ca.jpg"}},{"type":"Feature","geometry":{"type":"Point","coordinates":[4.390865,52.14532]},"properties":{"id":"15393","naam":"Dorpskerk, Wassenaar","plaats":"Wassenaar","identifier":"RM38380","rijksmonumentnummer":"38380","monumentenregister_url":"https://monumentenregister.cultureelerfgoed.nl/monumenten/38380","huidige_functie":"kerk","geometrie_bron":"muurschilderingendatabase","same_as":["https://monumentenregister.cultureelerfgoed.nl/monumenten/38380","https://reliwiki.nl/index.php/Wassenaar,_Plein_3_-_Dorpskerk","https://www.wikidata.org/wiki/Q2391255"],"afbeelding":"https://muurschilderingendatabase.nl/files/medium/306509625e0e86e433761d391ed54314b90b965d.jpg"}},{"type":"Feature","geometry":{"type":"Point","coordinates":[4.070655,51.87422]},"properties":{"id":"15396","naam":"Dorpskerk, Rockanje","plaats":"Rockanje","identifier":"RM38899","rijksmonumentnummer":"38899","monumentenregister_url":"https://monumentenregister.cultureelerfgoed.nl/monumenten/38899","huidige_functie":"kerk","geometrie_bron":"muurschilderingendatabase","same_as":["https://monumentenregister.cultureelerfgoed.nl/monumenten/38899","https://reliwiki.nl/index.php/Rockanje,_Dorpsweg_27_-_Dorpskerk","https://www.wikidata.org/wiki/Q17447913"],"afbeelding":"https://muurschilderingendatabase.nl/files/medium/7e8e7902fac4f17dc06e884c671e7fc366a55d2c.jpg"}},{"type":"Feature","geometry":{"type":"Point","coordinates":[5.156596,51.97398]},"properties":{"id":"15411","naam":"Fort Honswijk, Schalkwijk","plaats":"Schalkwijk","identifier":"RM531624","rijksmonumentnummer":"531624","monumentenregister_url":"https://monumentenregister.cultureelerfgoed.nl/monumenten/531624","huidige_functie":"Zaalverhuur, rondleidingen, bedrijfslocatie","geometrie_bron":"muurschilderingendatabase","same_as":["https://monumentenregister.cultureelerfgoed.nl/complexen/531624","https://www.wikidata.org/wiki/Q18776044"],"afbeelding":"https://muurschilderingendatabase.nl/files/medium/5cc45d538469b808b924834167b33319d2575244.jpg"}},{"type":"Feature","geometry":{"type":"Point","coordinates":[6.720514,51.97199]},"properties":{"id":"6594","naam":"\nSint Jacobus Maior, Winterswijk","plaats":"Winterswijk","identifier":"RM39053","rijksmonumentnummer":"39053","monumentenregister_url":"https://monumentenregister.cultureelerfgoed.nl/monumenten/39053","huidige_functie":"Kerk / Hervormde Kerk","geometrie_bron":"muurschilderingendatabase","same_as":["http://www.wikidata.org/entity/Q1918123","https://monumentenregister.cultureelerfgoed.nl/monumenten/39053","https://nl.wikipedia.org/w/index.php?title=Jacobskerk_(Winterswijk)","https://reliwiki.nl/index.php/Winterswijk,_Markt_2_-_Jacobskerk"],"afbeelding":"https://muurschilderingendatabase.nl/files/medium/01969c076ba3f6d92fa93c71820d0971e9b993d8.jpg"}},{"type":"Feature","geometry":{"type":"Point","coordinates":[6.012387,53.29048]},"properties":{"id":"10169","naam":"De Nederlands-Hervormde Kerk te Damwoude","plaats":"Damwoude","identifier":"RM11681","rijksmonumentnummer":"11681","monumentenregister_url":"https://monumentenregister.cultureelerfgoed.nl/monumenten/11681","huidige_functie":"kerk","geometrie_bron":"muurschilderingendatabase","same_as":["http://www.wikidata.org/entity/Q2252428","https://monumentenregister.cultureelerfgoed.nl/monumenten/11681","https://reliwiki.nl/index.php?title=Damw%C3%A2ld,_Doniawei_76_-_Benedictuskerk&oldid=512070"],"afbeelding":"https://muurschilderingendatabase.nl/files/medium/70ef7da07d30313e11c02af4f52585689a50b5b5.jpg"}},{"type":"Feature","geometry":{"type":"Point","coordinates":[6.124266,53.37479]},"properties":{"id":"10178","naam":"De Nederlands-Hervormde Kerk te Anjum","plaats":"Anjum","identifier":"RM31557","rijksmonumentnummer":"31557","monumentenregister_url":"https://monumentenregister.cultureelerfgoed.nl/monumenten/31557","huidige_functie":"kerk","geometrie_bron":"muurschilderingendatabase","same_as":["http://www.wikidata.org/entity/Q4612421","https://monumentenregister.cultureelerfgoed.nl/monumenten/31557","https://reliwiki.nl/index.php?title=Anjum,_Tsjerkepaad_2_-_Micha%C3%ABlkerk&oldid=517174"],"afbeelding":null}},{"type":"Feature","geometry":{"type":"Point","coordinates":[4.867178,52.37617]},"properties":{"id":"11582","naam":"Centrale Markthallen, Amsterdam","plaats":"Amsterdam","identifier":"RM526739","rijksmonumentnummer":"526739","monumentenregister_url":"https://monumentenregister.cultureelerfgoed.nl/monumenten/526739","huidige_functie":"Food Center Amsterdam","geometrie_bron":"muurschilderingendatabase","same_as":["http://www.wikidata.org/entity/Q2351332","https://nl.wikipedia.org/wiki/Centrale_Markthallen"],"afbeelding":"https://muurschilderingendatabase.nl/files/medium/11e09007c6276ea016f5ac6d5cff9fc69e558bdb.jpg"}},{"type":"Feature","geometry":{"type":"Point","coordinates":[4.775337,51.58891]},"properties":{"id":"12009","naam":"Grote of Onze Lieve Vrouwe Kerk, Breda","plaats":"Breda","identifier":"RM10305","rijksmonumentnummer":"10305","monumentenregister_url":"https://monumentenregister.cultureelerfgoed.nl/monumenten/10305","huidige_functie":"cultureel en maatschappelijk","geometrie_bron":"muurschilderingendatabase","same_as":["http://www.wikidata.org/entity/Q1431827","https://monumentenregister.cultureelerfgoed.nl/monumenten/10305","https://reliwiki.nl/index.php/Breda,_Kerkplein_2_-_Grote_of_Onze_Lieve_Vrouwe_Kerk"],"afbeelding":"https://muurschilderingendatabase.nl/files/medium/14be29040e136711364326e9ea8351362706190e.jpg"}},{"type":"Feature","geometry":{"type":"Point","coordinates":[4.354545,52.01259]},"properties":{"id":"15060","naam":"Prinsenhof, Delft","plaats":"Delft","identifier":"RM12029","rijksmonumentnummer":"12029","monumentenregister_url":"https://monumentenregister.cultureelerfgoed.nl/monumenten/12029","huidige_functie":"museum","geometrie_bron":"muurschilderingendatabase","same_as":["https://monumentenregister.cultureelerfgoed.nl/monumenten/12029","https://reliwiki.nl/index.php/Delft,_Oude_Delft_173_-_Sint_Agatha_(Prinsenhof)_(1402_-_2016)","https://www.wikidata.org/wiki/Q16944850"],"afbeelding":"https://muurschilderingendatabase.nl/files/medium/f49bfca528d5e10d462d6631dc84c6663c1df4b2.jpg"}},{"type":"Feature","geometry":{"type":"Point","coordinates":[5.456284,52.8691]},"properties":{"id":"10425","naam":"St. Odulphus te Bakhuizen","plaats":"Bakhuizen","identifier":"BAG0653100000146725","rijksmonumentnummer":null,"monumentenregister_url":null,"huidige_functie":"kerk","geometrie_bron":"muurschilderingendatabase","same_as":["https://cms.beeldschrift.nl/api/api/file/saft/7ace45f4b7fed1942110feafdd4c7819/","https://reliwiki.nl/index.php?title=Bakhuizen,_Sint_Odulphusstraat_67_-_Odulphus&oldid=468457"],"afbeelding":null}},{"type":"Feature","geometry":{"type":"Point","coordinates":[4.734991,52.26869]},"properties":{"id":"12615","naam":"Fort bij Aalsmeer, Fort Rijsenhout","plaats":"Aalsmeerderbrug","identifier":"BAG0394100000225230","rijksmonumentnummer":null,"monumentenregister_url":null,"huidige_functie":"museum","geometrie_bron":"muurschilderingendatabase","same_as":["https://www.hollandsewaterlinies.nl/nl/locaties/2473281379/fort-bij-aalsmeer","https://www.stelling-amsterdam.nl/forten/aalsmeer/index.php"],"afbeelding":"https://muurschilderingendatabase.nl/files/medium/208586d281287fac4214ac9e9fdf63fc50325280.jpg"}},{"type":"Feature","geometry":{"type":"Point","coordinates":[5.968781,50.87582]},"properties":{"id":"13749","naam":"Martinus, Heerlen (Welten)","plaats":"Heerlen (Welten)","identifier":"BAG0917100000037014","rijksmonumentnummer":null,"monumentenregister_url":null,"huidige_functie":"kerk","geometrie_bron":"muurschilderingendatabase","same_as":["https://reliwiki.nl/index.php/Heerlen_(Welten),_Welterkerkstraat_3_-_Martinus"],"afbeelding":null}},{"type":"Feature","geometry":{"type":"Point","coordinates":[4.689118,52.30815]},"properties":{"id":"14704","naam":"Johannes de Doper, Hoofddorp","plaats":"Hoofddorp","identifier":"BAG0394100000241756","rijksmonumentnummer":null,"monumentenregister_url":null,"huidige_functie":"kerk","geometrie_bron":"muurschilderingendatabase","same_as":["https://reliwiki.nl/index.php/Hoofddorp,_Kruisweg_1071_-_Johannes_de_Doper","https://www.wikidata.org/wiki/Q24175370"],"afbeelding":"https://muurschilderingendatabase.nl/files/medium/12eee4204face73d44c32787c073db693c64a22e.jpg"}},{"type":"Feature","geometry":{"type":"Point","coordinates":[4.751204,52.34698]},"properties":{"id":"14707","naam":"Franciscus van Sales, Lijnden","plaats":"Lijnden","identifier":"BAG0394200000019996","rijksmonumentnummer":null,"monumentenregister_url":null,"huidige_functie":"kantoor","geometrie_bron":"muurschilderingendatabase","same_as":["https://reliwiki.nl/index.php/Lijnden,_Hoofdweg_121_-_Franciscus_van_Sales","https://www.wikidata.org/wiki/Q18568217"],"afbeelding":"https://muurschilderingendatabase.nl/files/medium/f1aeceb13a112a726b169c1de00fc2c02b29e6d7.jpg"}},{"type":"Feature","geometry":{"type":"Point","coordinates":[5.035132,52.46005]},"properties":{"id":"14710","naam":"Nicolaas en Antonius, Monnickendam","plaats":"Monnickendam","identifier":"BAG0852100000009296","rijksmonumentnummer":null,"monumentenregister_url":null,"huidige_functie":"kerk","geometrie_bron":"muurschilderingendatabase","same_as":["https://reliwiki.nl/index.php/Monnickendam,_Noordeinde_19_-_Nicolaas_en_Antonius","https://www.wikidata.org/wiki/Q139794506"],"afbeelding":"https://muurschilderingendatabase.nl/files/medium/b675c6b468608df83a1f17f812917ae53de11fa1.jpg"}},{"type":"Feature","geometry":{"type":"Point","coordinates":[4.156479,51.75812]},"properties":{"id":"15035","naam":"O.L. Vrouw ten Hemelopneming, Middelharnis","plaats":"Middelharnis","identifier":"BAG0559100000007031","rijksmonumentnummer":null,"monumentenregister_url":null,"huidige_functie":"kerk","geometrie_bron":"muurschilderingendatabase","same_as":["https://reliwiki.nl/index.php/Middelharnis,_Langeweg_50_-_O.L._Vrouw_ten_Hemelopneming","https://www.wikidata.org/wiki/Q140141003"],"afbeelding":null}},{"type":"Feature","geometry":{"type":"Point","coordinates":[6.001753,53.19617]},"properties":{"id":"10401","naam":"Kruiskerk te Burgum","plaats":"Burgum","identifier":"RM35634","rijksmonumentnummer":"35634","monumentenregister_url":"https://monumentenregister.cultureelerfgoed.nl/monumenten/35634","huidige_functie":null,"geometrie_bron":"muurschilderingendatabase","same_as":["http://www.wikidata.org/entity/Q1894167","https://cms.beeldschrift.nl/api/api/file/saft/21adede6caea9ef19f95e7c3a3e9bbea/","https://monumentenregister.cultureelerfgoed.nl/monumenten/35634","https://reliwiki.nl/index.php?title=Burgum,_Nieuwstad_5_-_Kruiskerk&oldid=531425"],"afbeelding":null}},{"type":"Feature","geometry":{"type":"Point","coordinates":[5.9739,50.91309]},"properties":{"id":"10445","naam":"Sint-Gerardus Majellakerk, Heerlen","plaats":"Heerlen","identifier":"RM512778","rijksmonumentnummer":"512778","monumentenregister_url":"https://monumentenregister.cultureelerfgoed.nl/monumenten/512778","huidige_functie":null,"geometrie_bron":"muurschilderingendatabase","same_as":["http://www.wikidata.org/entity/Q17464099","https://monumentenregister.cultureelerfgoed.nl/monumenten/512778","https://reliwiki.nl/index.php/Heerlen,_Heerenweg_45_-_Gerardus_Majella"],"afbeelding":"https://muurschilderingendatabase.nl/files/medium/14f1f553c2936bc081e4750380566d0d078b96a3.jpg"}},{"type":"Feature","geometry":{"type":"Point","coordinates":[4.27996,52.10203]},"properties":{"id":"10460","naam":"Antonius Abtkerk, Den Haag","plaats":"Den Haag","identifier":"RM452746","rijksmonumentnummer":"452746","monumentenregister_url":"https://monumentenregister.cultureelerfgoed.nl/monumenten/452746","huidige_functie":null,"geometrie_bron":"muurschilderingendatabase","same_as":["http://www.wikidata.org/entity/Q3254515","https://monumentenregister.cultureelerfgoed.nl/monumenten/452746","https://reliwiki.nl/index.php/%27s-Gravenhage,_Scheveningseweg_235_-_Antonius_Abt"],"afbeelding":"https://muurschilderingendatabase.nl/files/medium/b059fd7d913dcf8b18a7832d85563339d7f508d6.jpg"}},{"type":"Feature","geometry":{"type":"Point","coordinates":[4.077155,51.5492]},"properties":{"id":"11839","naam":"Herv. Kerk, Sint-Maartensdijk","plaats":"Sint-Maartensdijk","identifier":"RM35410","rijksmonumentnummer":"35410","monumentenregister_url":"https://monumentenregister.cultureelerfgoed.nl/monumenten/35410","huidige_functie":null,"geometrie_bron":"muurschilderingendatabase","same_as":["http://www.wikidata.org/entity/Q1826118","https://monumentenregister.cultureelerfgoed.nl/monumenten/35410","https://reliwiki.nl/index.php/Sint_Maartensdijk,_Hazenstraat_1_-_Maartenskerk"],"afbeelding":"https://muurschilderingendatabase.nl/files/medium/9ee80573ae622f6ae3fdece8a8cdc6f5ac45de65.jpg"}},{"type":"Feature","geometry":{"type":"Point","coordinates":[5.779146,51.02181]},"properties":{"id":"14303","naam":"Huis Obbicht, Obbicht","plaats":"Obbicht","identifier":"RM510145","rijksmonumentnummer":"510145","monumentenregister_url":"https://monumentenregister.cultureelerfgoed.nl/monumenten/510145","huidige_functie":null,"geometrie_bron":"muurschilderingendatabase","same_as":["https://monumentenregister.cultureelerfgoed.nl/monumenten/510145","https://www.wikidata.org/wiki/Q2186210"],"afbeelding":"https://muurschilderingendatabase.nl/files/medium/53567e10d318e0890295faf2e200cb9f1a47854a.jpg"}},{"type":"Feature","geometry":{"type":"Point","coordinates":[5.823141,51.0487]},"properties":{"id":"14661","naam":"Sint Martinus, Holtum","plaats":"Holtum","identifier":"RM9915","rijksmonumentnummer":"9915","monumentenregister_url":"https://monumentenregister.cultureelerfgoed.nl/monumenten/9915","huidige_functie":null,"geometrie_bron":"muurschilderingendatabase","same_as":["https://monumentenregister.cultureelerfgoed.nl/monumenten/9915","https://reliwiki.nl/index.php/Holtum,_Martinusstraat_3_-_Martinus","https://www.kerkgebouwen-in-limburg.nl/kerken/holtum/martinus","https://www.wikidata.org/wiki/Q17616488"],"afbeelding":"https://muurschilderingendatabase.nl/files/medium/1e3a07ecf4b758887e7c875ddc1571996f283815.jpg"}},{"type":"Feature","geometry":{"type":"Point","coordinates":[5.118373,52.23941]},"properties":{"id":"14749","naam":"Antonius van Padua, Kortenhoef","plaats":"Kortenhoef","identifier":"RM17394","rijksmonumentnummer":"17394","monumentenregister_url":"https://monumentenregister.cultureelerfgoed.nl/monumenten/17394","huidige_functie":null,"geometrie_bron":"muurschilderingendatabase","same_as":["https://monumentenregister.cultureelerfgoed.nl/monumenten/17394","https://reliwiki.nl/index.php/Kortenhoef,_Kerklaan_26_-_Antonius_van_Padua","https://www.wikidata.org/wiki/Q17379478"],"afbeelding":"https://muurschilderingendatabase.nl/files/medium/79a830d6cce2e0707990c27f635f7183531dbe27.jpg"}},{"type":"Feature","geometry":{"type":"Point","coordinates":[4.884542,52.37312]},"properties":{"id":"14793","naam":"Moeder Godskerk, Amsterdam","plaats":"Amsterdam","identifier":"RM2535","rijksmonumentnummer":"2535","monumentenregister_url":"https://monumentenregister.cultureelerfgoed.nl/monumenten/2535","huidige_functie":null,"geometrie_bron":"muurschilderingendatabase","same_as":["https://monumentenregister.cultureelerfgoed.nl/monumenten/2535","https://reliwiki.nl/index.php/Amsterdam,_Keizersgracht_220_-_O.L._Vrouw_Onbevlekt_Ontvangen_(Moeder_Gods-kerk)","https://www.wikidata.org/wiki/Q2788825"],"afbeelding":"https://muurschilderingendatabase.nl/files/medium/dd4051a3925cfb5339de6750d2c8a598e9fab4a0.jpg"}},{"type":"Feature","geometry":{"type":"Point","coordinates":[4.486951,52.15789]},"properties":{"id":"15277","naam":"'s-Gravensteen, Leiden","plaats":"Leiden","identifier":"RM25452","rijksmonumentnummer":"25452","monumentenregister_url":"https://monumentenregister.cultureelerfgoed.nl/monumenten/25452","huidige_functie":null,"geometrie_bron":"muurschilderingendatabase","same_as":["https://monumentenregister.cultureelerfgoed.nl/monumenten/25452","https://www.wikidata.org/wiki/Q2868175"],"afbeelding":"https://muurschilderingendatabase.nl/files/medium/67c80cd94813812d1a5c7b5acfa9d9fa8204edd2.jpg"}},{"type":"Feature","geometry":{"type":"Point","coordinates":[4.390287,51.86087]},"properties":{"id":"15341","naam":"Dorpskerk, Poortugaal","plaats":"Poortugaal","identifier":"RM32180","rijksmonumentnummer":"32180","monumentenregister_url":"https://monumentenregister.cultureelerfgoed.nl/monumenten/32180","huidige_functie":null,"geometrie_bron":"muurschilderingendatabase","same_as":["https://monumentenregister.cultureelerfgoed.nl/monumenten/32180","https://reliwiki.nl/index.php/Poortugaal,_Kerkstraat_90_-_Dorpskerk","https://www.wikidata.org/wiki/Q17439154"],"afbeelding":"https://muurschilderingendatabase.nl/files/medium/eebc886ca80d4591c792a906b6512d7a1fa9c264.jpg"}},{"type":"Feature","geometry":{"type":"Point","coordinates":[4.678373,52.42015]},"properties":{"id":"13052","naam":"Fort Benoorden Spaarndam","plaats":"Velserbroek","identifier":"BAG0453100000450036","rijksmonumentnummer":null,"monumentenregister_url":null,"huidige_functie":null,"geometrie_bron":"muurschilderingendatabase","same_as":["https://nl.wikipedia.org/wiki/Fort_benoorden_Spaarndam","https://onh.nl/verhaal/fort-benoorden-spaarndam-1","https://www.hollandsewaterlinies.nl/nl/locaties/4252452532/fort-benoorden-spaarndam?ins_rd=d3d3LnN0ZWxsaW5ndmFuYW1zdGVyZGFtLm5s","https://www.stelling-amsterdam.nl/forten/spaarndam-noord/"],"afbeelding":"https://muurschilderingendatabase.nl/files/medium/3d9312dc95cba32c294a19de7d1565bfc11a1060.jpg"}},{"type":"Feature","geometry":{"type":"Point","coordinates":[6.086668,51.5151]},"properties":{"id":"13794","naam":"Joannes de Doper  (16e - 1934), Meerlo","plaats":"Meerlo","identifier":"Q138776308","rijksmonumentnummer":null,"monumentenregister_url":null,"huidige_functie":null,"geometrie_bron":"muurschilderingendatabase","same_as":["http://www.wikidata.org/entity/Q138776308","https://reliwiki.nl/index.php/Meerlo,_Hoofdstraat_15_-_Joannes_de_Doper_(16e_-_1934)"],"afbeelding":null}},{"type":"Feature","geometry":{"type":"Point","coordinates":[6.698077,53.0431]},"properties":{"id":"10142","naam":"Magnuskerk te Anloo","plaats":"Anloo","identifier":"RM8152","rijksmonumentnummer":"8152","monumentenregister_url":"https://monumentenregister.cultureelerfgoed.nl/monumenten/8152","huidige_functie":"Kerk / Hervormde kerk","geometrie_bron":"muurschilderingendatabase","same_as":["http://www.wikidata.org/entity/Q2471093","https://monumentenregister.cultureelerfgoed.nl/monumenten/8152","https://reliwiki.nl/index.php?title=Anloo,_Kerkbrink_3_-_Magnuskerk&oldid=517172"],"afbeelding":null}},{"type":"Feature","geometry":{"type":"Point","coordinates":[6.360923,52.76377]},"properties":{"id":"10144","naam":"Mariakerk te Ruinen","plaats":"Ruinen","identifier":"RM32969","rijksmonumentnummer":"32969","monumentenregister_url":"https://monumentenregister.cultureelerfgoed.nl/monumenten/32969","huidige_functie":"Kerk / Protestantse kerk","geometrie_bron":"muurschilderingendatabase","same_as":["http://www.wikidata.org/entity/Q17439910","https://monumentenregister.cultureelerfgoed.nl/monumenten/32969","https://reliwiki.nl/index.php?title=Ruinen,_Brink_11_-_Mariakerk&oldid=509495"],"afbeelding":null}},{"type":"Feature","geometry":{"type":"Point","coordinates":[7.16653,53.12021]},"properties":{"id":"10145","naam":"Magnuskerk te Bellingwolde","plaats":"Bellingwolde","identifier":"RM8898","rijksmonumentnummer":"8898","monumentenregister_url":"https://monumentenregister.cultureelerfgoed.nl/monumenten/8898","huidige_functie":"Kerk / Protestanse kerk","geometrie_bron":"muurschilderingendatabase","same_as":["http://www.wikidata.org/entity/Q2571217","https://monumentenregister.cultureelerfgoed.nl/monumenten/8898","https://reliwiki.nl/index.php?title=Bellingwolde,_Hoofdweg_227_-_Magnuskerk&oldid=473645"],"afbeelding":null}},{"type":"Feature","geometry":{"type":"Point","coordinates":[5.92994,53.35197]},"properties":{"id":"10185","naam":"Nederlands-Hervormde Kerk te Brantgum","plaats":"Brantgum","identifier":"RM38695","rijksmonumentnummer":"38695","monumentenregister_url":"https://monumentenregister.cultureelerfgoed.nl/monumenten/38695","huidige_functie":"kerk","geometrie_bron":"muurschilderingendatabase","same_as":["http://www.wikidata.org/entity/Q2176181","https://monumentenregister.cultureelerfgoed.nl/monumenten/38695","https://reliwiki.nl/index.php?title=Brantgum,_Ids_Wiersmastraat_4_-_Hervormde_Kerk&oldid=464834"],"afbeelding":null}},{"type":"Feature","geometry":{"type":"Point","coordinates":[5.442853,52.97902]},"properties":{"id":"10393","naam":"Gertrudistsjerke","plaats":"Warkum","identifier":"RM39458","rijksmonumentnummer":"39458","monumentenregister_url":"https://monumentenregister.cultureelerfgoed.nl/monumenten/39458","huidige_functie":"kerk","geometrie_bron":"muurschilderingendatabase","same_as":["http://www.wikidata.org/entity/Q2510189","https://cms.beeldschrift.nl/api/api/file/saft/bf80de756fc83c3d5a3518dc0f5ab9a5/","https://monumentenregister.cultureelerfgoed.nl/monumenten/39458","https://reliwiki.nl/index.php/Workum,_Merk_5_-_Grote_of_Gertrudiskerk"],"afbeelding":null}},{"type":"Feature","geometry":{"type":"Point","coordinates":[6.068276,53.36023]},"properties":{"id":"10421","naam":"Doarpstsjerke te Metslawier","plaats":"Metslawier","identifier":"RM31583","rijksmonumentnummer":"31583","monumentenregister_url":"https://monumentenregister.cultureelerfgoed.nl/monumenten/31583","huidige_functie":"kerk","geometrie_bron":"muurschilderingendatabase","same_as":["http://www.wikidata.org/entity/Q1913010","https://cms.beeldschrift.nl/api/api/file/saft/114b07a79338169ef7dbafdddebb0278/","https://monumentenregister.cultureelerfgoed.nl/monumenten/31583","https://reliwiki.nl/index.php?title=Metslawier,_Tsjerkebuorren_7_-_Doarpstsjerke&oldid=531532"],"afbeelding":null}},{"type":"Feature","geometry":{"type":"Point","coordinates":[5.965491,53.38262]},"properties":{"id":"10423","naam":"Grutte Tsjerke te Ternaard","plaats":"Ternaard","identifier":"RM38731","rijksmonumentnummer":"38731","monumentenregister_url":"https://monumentenregister.cultureelerfgoed.nl/monumenten/38731","huidige_functie":"kerk","geometrie_bron":"muurschilderingendatabase","same_as":["http://www.wikidata.org/entity/Q928942","https://cms.beeldschrift.nl/api/api/file/saft/c4940b89bd76caa978f85ed1aa210063/","https://monumentenregister.cultureelerfgoed.nl/monumenten/38731","https://reliwiki.nl/index.php?title=Ternaard,_Tsjerkestrjitte_1_-_Grutte_Tsjerke&oldid=531625"],"afbeelding":null}},{"type":"Feature","geometry":{"type":"Point","coordinates":[5.57999,52.89725]},"properties":{"id":"10429","naam":"Sint-Ludgerustsjerke","plaats":"Balk","identifier":"RM513656","rijksmonumentnummer":"513656","monumentenregister_url":"https://monumentenregister.cultureelerfgoed.nl/monumenten/513656","huidige_functie":"kerk","geometrie_bron":"muurschilderingendatabase","same_as":["http://www.wikidata.org/entity/Q1979115"],"afbeelding":null}},{"type":"Feature","geometry":{"type":"Point","coordinates":[4.910833,52.36778]},"properties":{"id":"10448","naam":"Burcht van Berlage, Amsterdam","plaats":"Amsterdam","identifier":"RM1509","rijksmonumentnummer":"1509","monumentenregister_url":"https://monumentenregister.cultureelerfgoed.nl/monumenten/1509","huidige_functie":"museum","geometrie_bron":"muurschilderingendatabase","same_as":["http://www.wikidata.org/entity/Q2730966","https://monumentenregister.cultureelerfgoed.nl/monumenten/1509"],"afbeelding":"https://muurschilderingendatabase.nl/files/medium/b123fb68a593876f908418f421eb8baf87646806.jpg"}},{"type":"Feature","geometry":{"type":"Point","coordinates":[5.6117,51.65934]},"properties":{"id":"10465","naam":"Sint-Petrus' Stoel van Antiochiëkerk, Uden","plaats":"Uden","identifier":"RM35829","rijksmonumentnummer":"35829","monumentenregister_url":"https://monumentenregister.cultureelerfgoed.nl/monumenten/35829","huidige_functie":"kerk","geometrie_bron":"muurschilderingendatabase","same_as":["http://www.wikidata.org/entity/Q17444055","https://monumentenregister.cultureelerfgoed.nl/monumenten/35829","https://reliwiki.nl/index.php/Uden,_Kerkstraat_24_-_St._Petrus%27_Stoel_te_Antiochi%C3%AB"],"afbeelding":null}},{"type":"Feature","geometry":{"type":"Point","coordinates":[4.28334,52.10983]},"properties":{"id":"10470","naam":"Onze-Lieve-Vrouw-van-Lourdeskerk, Den Haag","plaats":"Den Haag","identifier":"RM452744","rijksmonumentnummer":"452744","monumentenregister_url":"https://monumentenregister.cultureelerfgoed.nl/monumenten/452744","huidige_functie":"kapel","geometrie_bron":"muurschilderingendatabase","same_as":["http://www.wikidata.org/entity/Q17453458","https://monumentenregister.cultureelerfgoed.nl/monumenten/452744","https://reliwiki.nl/index.php/%27s-Gravenhage,_Berkenbosch_Blokstraat_9a_-_Lourdeskapel"],"afbeelding":"https://muurschilderingendatabase.nl/files/medium/7393fc594bb530ab57e96fb209784c1b99d158e4.jpg"}},{"type":"Feature","geometry":{"type":"Point","coordinates":[4.528611,51.58944]},"properties":{"id":"10475","naam":"Basiliek van de H.H. Agatha en Barbara, Oudenbosch","plaats":"Oudenbosch","identifier":"RM31938","rijksmonumentnummer":"31938","monumentenregister_url":"https://monumentenregister.cultureelerfgoed.nl/monumenten/31938","huidige_functie":"kerk","geometrie_bron":"muurschilderingendatabase","same_as":["http://www.wikidata.org/entity/Q810105","https://monumentenregister.cultureelerfgoed.nl/monumenten/31938","https://reliwiki.nl/index.php/Oudenbosch,_Markt_57_-_Basiliek_H.H._Agatha_en_Barbara"],"afbeelding":"https://muurschilderingendatabase.nl/files/medium/699e03c35f2d3a86845c9e1a0dd9d9b80abdb2ba.jpg"}},{"type":"Feature","geometry":{"type":"Point","coordinates":[6.011531,51.22481]},"properties":{"id":"10479","naam":"Sint-Dionysiuskerk, Asselt","plaats":"Asselt","identifier":"RM34972","rijksmonumentnummer":"34972","monumentenregister_url":"https://monumentenregister.cultureelerfgoed.nl/monumenten/34972","huidige_functie":"kerk","geometrie_bron":"muurschilderingendatabase","same_as":["http://www.wikidata.org/entity/Q5825990","https://monumentenregister.cultureelerfgoed.nl/monumenten/34972","https://reliwiki.nl/index.php/Asselt,_Pastoor_Pinckersstraat_3_-_Dionysius","https://www.kerkgebouwen-in-limburg.nl/kerken/asselt/dionysius"],"afbeelding":"https://muurschilderingendatabase.nl/files/medium/cb6fc9d3f04d0f84e0a4fb7ef5d9810b1845325c.jpg"}},{"type":"Feature","geometry":{"type":"Point","coordinates":[6.082117,50.86806]},"properties":{"id":"10483","naam":"Abdijkerk Rolduc, Rolduckerveld","plaats":"Kerkrade","identifier":"RM23601","rijksmonumentnummer":"23601","monumentenregister_url":"https://monumentenregister.cultureelerfgoed.nl/monumenten/23601","huidige_functie":"kerk","geometrie_bron":"muurschilderingendatabase","same_as":["http://www.wikidata.org/entity/Q7478206","https://monumentenregister.cultureelerfgoed.nl/monumenten/23601","https://reliwiki.nl/index.php/Kerkrade,_Heyendallaan_82_-_Abdijkerk_Rolduc"],"afbeelding":null}},{"type":"Feature","geometry":{"type":"Point","coordinates":[4.857778,52.35]},"properties":{"id":"10490","naam":"Sint-Agneskerk, Amsterdam","plaats":"Amsterdam","identifier":"RM505910","rijksmonumentnummer":"505910","monumentenregister_url":"https://monumentenregister.cultureelerfgoed.nl/monumenten/505910","huidige_functie":"kerk","geometrie_bron":"muurschilderingendatabase","same_as":["http://www.wikidata.org/entity/Q3584890"],"afbeelding":null}},{"type":"Feature","geometry":{"type":"Point","coordinates":[6.041978,50.90521]},"properties":{"id":"10491","naam":"Onze-Lieve-Vrouw Hulp der Christenenkerk, Nieuwenhagen","plaats":"Nieuwenhagen","identifier":"RM521659","rijksmonumentnummer":"521659","monumentenregister_url":"https://monumentenregister.cultureelerfgoed.nl/monumenten/521659","huidige_functie":"kerk","geometrie_bron":"muurschilderingendatabase","same_as":["http://www.wikidata.org/entity/Q7478296","https://monumentenregister.cultureelerfgoed.nl/monumenten/521659","https://reliwiki.nl/index.php/Landgraaf,_Heigank_1_-_O.L._Vrouw_Hulp_der_Christenen","https://www.kerkgebouwen-in-limburg.nl/kerken/nieuwenhagen/ol-vrouw-hulp-der-christenen"],"afbeelding":null}},{"type":"Feature","geometry":{"type":"Point","coordinates":[5.841086,50.93813]},"properties":{"id":"10492","naam":"Sint-Laurentiuskerk, Spaubeek","plaats":"Spaubeek","identifier":"RM513191","rijksmonumentnummer":"513191","monumentenregister_url":"https://monumentenregister.cultureelerfgoed.nl/monumenten/513191","huidige_functie":"kerk","geometrie_bron":"muurschilderingendatabase","same_as":["http://www.wikidata.org/entity/Q2433966","https://monumentenregister.cultureelerfgoed.nl/monumenten/513191","https://reliwiki.nl/index.php/Spaubeek,_Bongerd_4_-_Laurentius","https://www.kerkgebouwen-in-limburg.nl/kerken/spaubeek/laurentius"],"afbeelding":"https://muurschilderingendatabase.nl/files/medium/6ec46b59d76ae1f1de1fa12d38f7d2ab4eb0b5fe.jpg"}},{"type":"Feature","geometry":{"type":"Point","coordinates":[4.938092,51.62886]},"properties":{"id":"10494","naam":"Sint-Laurentiuskerk, Dongen","plaats":"Dongen","identifier":"RM517190","rijksmonumentnummer":"517190","monumentenregister_url":"https://monumentenregister.cultureelerfgoed.nl/monumenten/517190","huidige_functie":"In transformatie","geometrie_bron":"muurschilderingendatabase","same_as":["http://www.wikidata.org/entity/Q1923038","https://monumentenregister.cultureelerfgoed.nl/monumenten/517190","https://reliwiki.nl/index.php?title=Dongen%2C_Gasthuisstraat_1_-_Laurentius"],"afbeelding":"https://muurschilderingendatabase.nl/files/medium/d9b6124737932141f80826d995b3f634a895b7b4.jpg"}},{"type":"Feature","geometry":{"type":"Point","coordinates":[5.976683,50.94073]},"properties":{"id":"10496","naam":"Sint-Vincentius à Paulokerk, Brunssum","plaats":"Brunssum","identifier":"RM518603","rijksmonumentnummer":"518603","monumentenregister_url":"https://monumentenregister.cultureelerfgoed.nl/monumenten/518603","huidige_functie":"kerk","geometrie_bron":"muurschilderingendatabase","same_as":["http://www.wikidata.org/entity/Q2211375","https://monumentenregister.cultureelerfgoed.nl/monumenten/518603","https://reliwiki.nl/index.php/Brunssum,_Prins_Hendriklaan_380_-_Vincentius_%C3%A0_Paulo","https://www.kerkgebouwen-in-limburg.nl/kerken/rumpen/vincentius-a-paulo"],"afbeelding":"https://muurschilderingendatabase.nl/files/medium/668f3370b59b318e0caf07c726ff7db0f333f255.jpg"}},{"type":"Feature","geometry":{"type":"Point","coordinates":[5.676919,50.84983]},"properties":{"id":"10509","naam":"Sint-Lambertuskerk, Maastricht","plaats":"Maastricht","identifier":"RM506891","rijksmonumentnummer":"506891","monumentenregister_url":"https://monumentenregister.cultureelerfgoed.nl/monumenten/506891","huidige_functie":"culturele bestemming / kantoren","geometrie_bron":"muurschilderingendatabase","same_as":["http://www.wikidata.org/entity/Q3816575","https://monumentenregister.cultureelerfgoed.nl/monumenten/506891","https://reliwiki.nl/index.php/Maastricht,_Koningin_Emmaplein_7_-_Lambertus_(1916_-_1985)"],"afbeelding":null}},{"type":"Feature","geometry":{"type":"Point","coordinates":[6.028714,50.90849]},"properties":{"id":"10517","naam":"Heilig Hart van Jezuskerk, Nieuwenhagerheide","plaats":"Nieuwenhagerheide","identifier":"RM521672","rijksmonumentnummer":"521672","monumentenregister_url":"https://monumentenregister.cultureelerfgoed.nl/monumenten/521672","huidige_functie":"kerk","geometrie_bron":"muurschilderingendatabase","same_as":["http://www.wikidata.org/entity/Q7478328","https://monumentenregister.cultureelerfgoed.nl/monumenten/521672","https://reliwiki.nl/index.php/Landgraaf,_Hoogstraat_137_-_Heilig_Hart_van_Jezus","https://www.kerkgebouwen-in-limburg.nl/kerken/nieuwenhagerheide/h-hart-van-jezus"],"afbeelding":"https://muurschilderingendatabase.nl/files/medium/c0860b64b8b558c878f1b0ec7bbfc622dd7a0247.jpg"}},{"type":"Feature","geometry":{"type":"Point","coordinates":[5.64828,51.47891]},"properties":{"id":"10527","naam":"Onze-Lieve-Vrouwekerk, Helmond","plaats":"Helmond","identifier":"RM513034","rijksmonumentnummer":"513034","monumentenregister_url":"https://monumentenregister.cultureelerfgoed.nl/monumenten/513034","huidige_functie":"cultureel en maatschappelijk","geometrie_bron":"muurschilderingendatabase","same_as":["http://www.wikidata.org/entity/Q2855199","https://monumentenregister.cultureelerfgoed.nl/monumenten/513034","https://reliwiki.nl/index.php/Helmond,_Wilhelminalaan_18_-_O.L._Vrouw_ten_Hemelopneming_(1915_-_2012)"],"afbeelding":"https://muurschilderingendatabase.nl/files/medium/400145768d32e100bca103505fdff6c2c361c945.jpg"}},{"type":"Feature","geometry":{"type":"Point","coordinates":[4.875,52.35583]},"properties":{"id":"10549","naam":"O.L. Vrouw Rozenkrans, Amsterdam","plaats":"Amsterdam","identifier":"RM332536","rijksmonumentnummer":"332536","monumentenregister_url":"https://monumentenregister.cultureelerfgoed.nl/monumenten/332536","huidige_functie":"kerk","geometrie_bron":"muurschilderingendatabase","same_as":["http://www.wikidata.org/entity/Q2045005","https://monumentenregister.cultureelerfgoed.nl/monumenten/332536","https://reliwiki.nl/index.php/Amsterdam,_Jacob_Obrechtstraat_30_-_O.L._Vrouw_Rozenkrans_(Obrechtkerk)"],"afbeelding":null}},{"type":"Feature","geometry":{"type":"Point","coordinates":[4.938735,52.34568]},"properties":{"id":"11585","naam":"Aula van de Oosterbegraafplaats, Amsterdam","plaats":"Amsterdam","identifier":"RM526981","rijksmonumentnummer":"526981","monumentenregister_url":"https://monumentenregister.cultureelerfgoed.nl/monumenten/526981","huidige_functie":"Aula","geometrie_bron":"muurschilderingendatabase","same_as":["http://www.wikidata.org/entity/Q17292008","https://amsterdamopdekaart.nl/1850-1940/Kruislaan/Aula_Nieuwe_Ooster","https://monumentenregister.cultureelerfgoed.nl/monumenten/526981","https://nl.wikipedia.org/wiki/Aula_De_Nieuwe_Ooster"],"afbeelding":"https://muurschilderingendatabase.nl/files/medium/ab1f6d55d27cfa649e81835df561186a989da87d.jpg"}},{"type":"Feature","geometry":{"type":"Point","coordinates":[4.895421,52.37112]},"properties":{"id":"11608","naam":"Het Prinsenhof (Hotel The Grand), Amsterdam","plaats":"Amsterdam","identifier":"RM6085","rijksmonumentnummer":"6085","monumentenregister_url":"https://monumentenregister.cultureelerfgoed.nl/monumenten/6085","huidige_functie":"hotel","geometrie_bron":"muurschilderingendatabase","same_as":["http://www.wikidata.org/entity/Q17307814","https://monumentenregister.cultureelerfgoed.nl/monumenten/6085"],"afbeelding":"https://muurschilderingendatabase.nl/files/medium/4e5be4c78693e749ac48cab6a33c04d195ef632a.jpg"}},{"type":"Feature","geometry":{"type":"Point","coordinates":[5.127495,52.09339]},"properties":{"id":"11625","naam":"Stadsschouwburg Utrecht","plaats":"Utrecht","identifier":"RM530827","rijksmonumentnummer":"530827","monumentenregister_url":"https://monumentenregister.cultureelerfgoed.nl/monumenten/530827","huidige_functie":"schouwburg","geometrie_bron":"muurschilderingendatabase","same_as":["http://www.wikidata.org/entity/Q2485688","https://monumentenregister.cultureelerfgoed.nl/monumenten/530827"],"afbeelding":"https://muurschilderingendatabase.nl/files/medium/9a7dbdb2c8328e0d0d4c566d8eb9bd91ff1dd55b.jpg"}},{"type":"Feature","geometry":{"type":"Point","coordinates":[4.45712,51.53765]},"properties":{"id":"11634","naam":"De kapel van het klooster Mariadal, Roosendaal","plaats":"Roosendaal","identifier":"RM517245","rijksmonumentnummer":"517245","monumentenregister_url":"https://monumentenregister.cultureelerfgoed.nl/monumenten/517245","huidige_functie":"geen","geometrie_bron":"muurschilderingendatabase","same_as":["http://www.wikidata.org/entity/Q17593798","https://monumentenregister.cultureelerfgoed.nl/monumenten/517245"],"afbeelding":"https://muurschilderingendatabase.nl/files/medium/05e7b04102721f9171a3d8ddda9c40be3b8d1f47.jpg"}},{"type":"Feature","geometry":{"type":"Point","coordinates":[3.875797,51.43292]},"properties":{"id":"11763","naam":"Bonifaciuskerk, Kwadendamme","plaats":"Kwadendamme","identifier":"RM9999","rijksmonumentnummer":"9999","monumentenregister_url":"https://monumentenregister.cultureelerfgoed.nl/monumenten/9999","huidige_functie":"kerk","geometrie_bron":"muurschilderingendatabase","same_as":["http://www.wikidata.org/entity/Q2200886","https://monumentenregister.cultureelerfgoed.nl/monumenten/9999","https://reliwiki.nl/index.php/Kwadendamme,_Johan_Frisostraat_5_-_Bonifacius"],"afbeelding":"https://muurschilderingendatabase.nl/files/medium/3f70fc720b56d30ac7f4dda8a6b7a333c98e0038.jpg"}},{"type":"Feature","geometry":{"type":"Point","coordinates":[3.760482,51.27997]},"properties":{"id":"11775","naam":"H. Maria Hemelvaart, Philippine","plaats":"Philippine","identifier":"RM530896","rijksmonumentnummer":"530896","monumentenregister_url":"https://monumentenregister.cultureelerfgoed.nl/monumenten/530896","huidige_functie":"in transformatie","geometrie_bron":"muurschilderingendatabase","same_as":["http://www.wikidata.org/entity/Q17610528","https://monumentenregister.cultureelerfgoed.nl/monumenten/530896","https://reliwiki.nl/index.php/Philippine,_Philipsplein_10_-_Maria_Hemelvaart"],"afbeelding":"https://muurschilderingendatabase.nl/files/medium/2c92523db50b661e7da11f9ec97f57f730337656.jpg"}},{"type":"Feature","geometry":{"type":"Point","coordinates":[4.08978,51.26933]},"properties":{"id":"11780","naam":"Heilige Henricus, Clinge","plaats":"Clinge","identifier":"RM509696","rijksmonumentnummer":"509696","monumentenregister_url":"https://monumentenregister.cultureelerfgoed.nl/monumenten/509696","huidige_functie":"kerk","geometrie_bron":"muurschilderingendatabase","same_as":["http://www.wikidata.org/entity/Q17460204","https://monumentenregister.cultureelerfgoed.nl/monumenten/509696","https://reliwiki.nl/index.php/Clinge,_s-Gravenstraat_169_-_Henricus"],"afbeelding":"https://muurschilderingendatabase.nl/files/medium/a857a110912c3a1352ddcca47ac876ed79603d1d.jpg"}},{"type":"Feature","geometry":{"type":"Point","coordinates":[3.958,51.48645]},"properties":{"id":"11845","naam":"Herv. Kerk, Kapelle","plaats":"Kapelle","identifier":"RM23482","rijksmonumentnummer":"23482","monumentenregister_url":"https://monumentenregister.cultureelerfgoed.nl/monumenten/23482","huidige_functie":"kerk","geometrie_bron":"muurschilderingendatabase","same_as":["http://www.wikidata.org/entity/Q2388579","https://monumentenregister.cultureelerfgoed.nl/monumenten/23482","https://reliwiki.nl/index.php/Kapelle,_Kerkplein_4_-_Grote_Kerk"],"afbeelding":"https://muurschilderingendatabase.nl/files/medium/9df714036ab996d8000c0c9dea8c3c4306e135a5.jpg"}},{"type":"Feature","geometry":{"type":"Point","coordinates":[3.904928,51.23534]},"properties":{"id":"11868","naam":"O.L. Vrouwe ten Hemelopneming, Zuiddorpe","plaats":"Zuiddorpe","identifier":"RM508091","rijksmonumentnummer":"508091","monumentenregister_url":"https://monumentenregister.cultureelerfgoed.nl/monumenten/508091","huidige_functie":"kerk","geometrie_bron":"muurschilderingendatabase","same_as":["http://www.wikidata.org/entity/Q17458514","https://monumentenregister.cultureelerfgoed.nl/monumenten/508091","https://reliwiki.nl/index.php/Zuiddorpe,_Dorpsplein_1_-_Maria_Hemelvaart"],"afbeelding":"https://muurschilderingendatabase.nl/files/medium/dba2607a373be5d2b7372632b6a30434a55bcd38.jpg"}},{"type":"Feature","geometry":{"type":"Point","coordinates":[4.220716,51.53113]},"properties":{"id":"11870","naam":"Onze Lieve Vrouw Hemelvaartkerk, Tholen","plaats":"Tholen","identifier":"RM496069","rijksmonumentnummer":"496069","monumentenregister_url":"https://monumentenregister.cultureelerfgoed.nl/monumenten/496069","huidige_functie":"kerk","geometrie_bron":"muurschilderingendatabase","same_as":["http://www.wikidata.org/entity/Q17456762","https://monumentenregister.cultureelerfgoed.nl/monumenten/496069","https://reliwiki.nl/index.php/Tholen,_Markt_22_-_O.L._Vrouw_Hemelvaart"],"afbeelding":"https://muurschilderingendatabase.nl/files/medium/03183cb1e75ffd84a4e98164bc4d77b46f36454a.jpg"}},{"type":"Feature","geometry":{"type":"Point","coordinates":[4.057603,51.28721]},"properties":{"id":"11908","naam":"Sint Joseph, Hulst","plaats":"Hulst","identifier":"RM509701","rijksmonumentnummer":"509701","monumentenregister_url":"https://monumentenregister.cultureelerfgoed.nl/monumenten/509701","huidige_functie":"college","geometrie_bron":"muurschilderingendatabase","same_as":["http://www.wikidata.org/entity/Q17460211","https://monumentenregister.cultureelerfgoed.nl/monumenten/509701","https://reliwiki.nl/index.php/Hulst,_Carmelweg_2_-_Kapel_Paters_Maristen_(1910_-_1967)"],"afbeelding":"https://muurschilderingendatabase.nl/files/medium/11b85f4f85714219cd3e9162a3a3bd4fae9eba32.jpg"}},{"type":"Feature","geometry":{"type":"Point","coordinates":[4.055694,51.34482]},"properties":{"id":"11914","naam":"St. Corneliuskerk, Lamswaarde","plaats":"Lamswaarde","identifier":"RM509223","rijksmonumentnummer":"509223","monumentenregister_url":"https://monumentenregister.cultureelerfgoed.nl/monumenten/509223","huidige_functie":"kerk","geometrie_bron":"muurschilderingendatabase","same_as":["http://www.wikidata.org/entity/Q17459918","https://monumentenregister.cultureelerfgoed.nl/monumenten/509223","https://reliwiki.nl/index.php/Lamswaarde,_Jacobus_de_Waalstraat_23_-_Cornelius"],"afbeelding":"https://muurschilderingendatabase.nl/files/medium/4d03704b01238c1dad1aa370b688ac54e59a9ad6.jpg"}},{"type":"Feature","geometry":{"type":"Point","coordinates":[3.889424,51.50312]},"properties":{"id":"11924","naam":"St.-Maria Magdalenakerk, Goes","plaats":"St.-Maria Magdalenakerk","identifier":"RM507881","rijksmonumentnummer":"507881","monumentenregister_url":"https://monumentenregister.cultureelerfgoed.nl/monumenten/507881","huidige_functie":"kerk","geometrie_bron":"muurschilderingendatabase","same_as":["https://monumentenregister.cultureelerfgoed.nl/monumenten/507881","https://reliwiki.nl/index.php/Goes,_Singelstraat_9_-_Heilige_Maria_Magdalena"],"afbeelding":"https://muurschilderingendatabase.nl/files/medium/4e29e0333a65bd69342b0530d1076ab89cc8c5ef.jpg"}},{"type":"Feature","geometry":{"type":"Point","coordinates":[4.90016,52.37895]},"properties":{"id":"12013","naam":"Centraal Station, Amsterdam","plaats":"Amsterdam","identifier":"RM5681","rijksmonumentnummer":"5681","monumentenregister_url":"https://monumentenregister.cultureelerfgoed.nl/monumenten/5681","huidige_functie":"station","geometrie_bron":"muurschilderingendatabase","same_as":["http://www.wikidata.org/entity/Q50719"],"afbeelding":"https://muurschilderingendatabase.nl/files/medium/baaeacd44b21c32e3d1ed2cf0b15e6ac9b8bd1c5.jpg"}},{"type":"Feature","geometry":{"type":"Point","coordinates":[4.881111,52.36361]},"properties":{"id":"12020","naam":"American Hotel, Amsterdam","plaats":"Amsterdam","identifier":"RM518484","rijksmonumentnummer":"518484","monumentenregister_url":"https://monumentenregister.cultureelerfgoed.nl/monumenten/518484","huidige_functie":"Hotel en café-restaurant","geometrie_bron":"muurschilderingendatabase","same_as":["https://www.wikidata.org/wiki/Q17291591"],"afbeelding":"https://muurschilderingendatabase.nl/files/medium/2bd194aee96bb7c0978764aa8af54178b7aa0694.jpg"}},{"type":"Feature","geometry":{"type":"Point","coordinates":[5.883281,50.90308]},"properties":{"id":"12028","naam":"Kasteel Wijnandsrade","plaats":"Wijnandsrade","identifier":"RM30901","rijksmonumentnummer":"30901","monumentenregister_url":"https://monumentenregister.cultureelerfgoed.nl/monumenten/30901","huidige_functie":"restaurant en kantoren","geometrie_bron":"muurschilderingendatabase","same_as":["http://www.wikidata.org/entity/Q3049892","https://monumentenregister.cultureelerfgoed.nl/monumenten/30901","https://monumentenregister.cultureelerfgoed.nl/monumenten/30902"],"afbeelding":"https://muurschilderingendatabase.nl/files/medium/deb4bec085a24ae34a1476b7907f61f379c301b5.jpg"}},{"type":"Feature","geometry":{"type":"Point","coordinates":[4.291222,52.08397]},"properties":{"id":"12046","naam":"Haganum, Den Haag","plaats":"Den Haag","identifier":"RM459799","rijksmonumentnummer":"459799","monumentenregister_url":"https://monumentenregister.cultureelerfgoed.nl/monumenten/459799","huidige_functie":"school","geometrie_bron":"muurschilderingendatabase","same_as":["http://www.wikidata.org/entity/Q17454491","https://monumentenregister.cultureelerfgoed.nl/monumenten/459799"],"afbeelding":"https://muurschilderingendatabase.nl/files/medium/13bca077d74f01c67b693d0050128ac8e2ec06ca.jpg"}},{"type":"Feature","geometry":{"type":"Point","coordinates":[5.481944,51.43472]},"properties":{"id":"12057","naam":"van Abbemuseumgebouw","plaats":"Eindhoven","identifier":"RM507030","rijksmonumentnummer":"507030","monumentenregister_url":"https://monumentenregister.cultureelerfgoed.nl/monumenten/507030","huidige_functie":"museum","geometrie_bron":"muurschilderingendatabase","same_as":["http://www.wikidata.org/entity/Q106106048","https://monumentenregister.cultureelerfgoed.nl/monumenten/507030"],"afbeelding":"https://muurschilderingendatabase.nl/files/medium/bccc6cce01e3c1edfa38f824a45a8ec548699db7.jpg"}},{"type":"Feature","geometry":{"type":"Point","coordinates":[5.641635,51.77234]},"properties":{"id":"12639","naam":"St. Sebastiaan, Herpen","plaats":"Herpen","identifier":"RM32394","rijksmonumentnummer":"32394","monumentenregister_url":"https://monumentenregister.cultureelerfgoed.nl/monumenten/32394","huidige_functie":"kerk","geometrie_bron":"muurschilderingendatabase","same_as":["http://www.wikidata.org/entity/Q17439339","https://monumentenregister.cultureelerfgoed.nl/monumenten/32394","https://reliwiki.nl/index.php/Herpen,_Rogstraat_2_-_Sebastianus"],"afbeelding":"https://muurschilderingendatabase.nl/files/medium/d3103007c61af97442c653563f5dd231c740967f.jpg"}},{"type":"Feature","geometry":{"type":"Point","coordinates":[4.861272,51.64496]},"properties":{"id":"12647","naam":"R.K. Kerk van St. Jan, Oosterhout","plaats":"Oosterhout, Noord-Brabant","identifier":"RM31673","rijksmonumentnummer":"31673","monumentenregister_url":"https://monumentenregister.cultureelerfgoed.nl/monumenten/31673","huidige_functie":"kerk","geometrie_bron":"muurschilderingendatabase","same_as":["http://www.wikidata.org/entity/Q1824314","https://monumentenregister.cultureelerfgoed.nl/monumenten/31673","https://reliwiki.nl/index.php/Oosterhout,_Markt_28_-_Basiliek_Sint_Jan_de_Doper"],"afbeelding":"https://muurschilderingendatabase.nl/files/medium/d020a6f8660870334bbd1f0535bb8f5de49188f8.jpg"}},{"type":"Feature","geometry":{"type":"Point","coordinates":[4.739202,51.57669]},"properties":{"id":"12658","naam":"St. Martinus, Breda","plaats":"Breda","identifier":"RM10388","rijksmonumentnummer":"10388","monumentenregister_url":"https://monumentenregister.cultureelerfgoed.nl/monumenten/10388","huidige_functie":"kerk","geometrie_bron":"muurschilderingendatabase","same_as":["http://www.wikidata.org/entity/Q2169286","https://monumentenregister.cultureelerfgoed.nl/monumenten/10388","https://reliwiki.nl/index.php/Breda,_Haagsemarkt_2_-_Martinus"],"afbeelding":"https://muurschilderingendatabase.nl/files/medium/b3d572dc729ace3bbeab4e63f44b2c8a1c57500e.jpg"}},{"type":"Feature","geometry":{"type":"Point","coordinates":[4.752277,51.64274]},"properties":{"id":"12666","naam":"Kerk van St. Anthonius Abt, Terheijden","plaats":"Terheijden","identifier":"RM34990","rijksmonumentnummer":"34990","monumentenregister_url":"https://monumentenregister.cultureelerfgoed.nl/monumenten/34990","huidige_functie":"Kerk","geometrie_bron":"muurschilderingendatabase","same_as":["http://www.wikidata.org/entity/Q2340227","https://monumentenregister.cultureelerfgoed.nl/monumenten/34990","https://reliwiki.nl/index.php/Terheijden,_Markstraat_2_-_Antonius_Abt"],"afbeelding":"https://muurschilderingendatabase.nl/files/medium/14f7a8262c001eed2f9b3316ed411b127e47a2fa.jpg"}},{"type":"Feature","geometry":{"type":"Point","coordinates":[5.55748,51.4221]},"properties":{"id":"12698","naam":"Brigidakerk, Geldrop","plaats":"Geldrop","identifier":"RM16034","rijksmonumentnummer":"16034","monumentenregister_url":"https://monumentenregister.cultureelerfgoed.nl/monumenten/16034","huidige_functie":"kerk","geometrie_bron":"muurschilderingendatabase","same_as":["http://www.wikidata.org/entity/Q2645993","https://monumentenregister.cultureelerfgoed.nl/monumenten/16034","https://reliwiki.nl/index.php/Geldrop,_Nieuwendijk_2_-_H._Brigida"],"afbeelding":"https://muurschilderingendatabase.nl/files/medium/c709d78303f66eb12e69f83175f2bbeb2cb973b3.jpg"}},{"type":"Feature","geometry":{"type":"Point","coordinates":[5.740234,51.76006]},"properties":{"id":"12700","naam":"St. Elisabethskerk, Grave","plaats":"Grave","identifier":"RM17255","rijksmonumentnummer":"17255","monumentenregister_url":"https://monumentenregister.cultureelerfgoed.nl/monumenten/17255","huidige_functie":"kerk","geometrie_bron":"muurschilderingendatabase","same_as":["http://www.wikidata.org/entity/Q3507906","https://monumentenregister.cultureelerfgoed.nl/monumenten/17255","https://reliwiki.nl/index.php/Grave,_Hoofdwagt_1_-_Elisabeth"],"afbeelding":"https://muurschilderingendatabase.nl/files/medium/1b18833daa5b3d3dce0009fbaafaf21971910643.jpg"}},{"type":"Feature","geometry":{"type":"Point","coordinates":[5.308176,51.69037]},"properties":{"id":"12716","naam":"Sint Josephkerk, 's-Hertogenbosch","plaats":"'s-Hertogenbosch","identifier":"RM21845","rijksmonumentnummer":"21845","monumentenregister_url":"https://monumentenregister.cultureelerfgoed.nl/monumenten/21845","huidige_functie":"Evenementen","geometrie_bron":"muurschilderingendatabase","same_as":["http://www.wikidata.org/entity/Q17403204","https://monumentenregister.cultureelerfgoed.nl/monumenten/21845","https://nl.wikipedia.org/wiki/Orangerie_(%27s-Hertogenbosch)"],"afbeelding":"https://muurschilderingendatabase.nl/files/medium/a9fa353d85c656df0535a06c4322c7d9f46726be.jpg"}},{"type":"Feature","geometry":{"type":"Point","coordinates":[5.882641,51.62661]},"properties":{"id":"12725","naam":"Heilige Antonius Abt, Sint Anthonis","plaats":"Sint Anthonis","identifier":"RM31774","rijksmonumentnummer":"31774","monumentenregister_url":"https://monumentenregister.cultureelerfgoed.nl/monumenten/31774","huidige_functie":"kerk","geometrie_bron":"muurschilderingendatabase","same_as":["http://www.wikidata.org/entity/Q1995459","https://monumentenregister.cultureelerfgoed.nl/monumenten/31774","https://reliwiki.nl/index.php/Sint_Anthonis,_Brink_10_-_Antonius_Abt"],"afbeelding":"https://muurschilderingendatabase.nl/files/medium/d1b247de56294b130512a9930826db20609a5fa6.jpg"}},{"type":"Feature","geometry":{"type":"Point","coordinates":[4.526722,51.58723]},"properties":{"id":"12734","naam":"Kapel instituut Saint-Louis, Oudenbosch","plaats":"Oudenbosch","identifier":"RM31937","rijksmonumentnummer":"31937","monumentenregister_url":"https://monumentenregister.cultureelerfgoed.nl/monumenten/31937","huidige_functie":"culturele bestemming","geometrie_bron":"muurschilderingendatabase","same_as":["http://www.wikidata.org/entity/Q17438928","https://monumentenregister.cultureelerfgoed.nl/monumenten/31937","https://reliwiki.nl/index.php/Oudenbosch,_Markt_32-34_-_Kapel_Saint_Louis"],"afbeelding":"https://muurschilderingendatabase.nl/files/medium/126e22ed991b873dbf26ad6aab8886f1ef4187ed.jpg"}},{"type":"Feature","geometry":{"type":"Point","coordinates":[5.298456,51.66061]},"properties":{"id":"12755","naam":"Lambertuskerk, Vught","plaats":"Vught","identifier":"RM38158","rijksmonumentnummer":"38158","monumentenregister_url":"https://monumentenregister.cultureelerfgoed.nl/monumenten/38158","huidige_functie":"kerk","geometrie_bron":"muurschilderingendatabase","same_as":["http://www.wikidata.org/entity/Q2869502","https://monumentenregister.cultureelerfgoed.nl/monumenten/38158","https://reliwiki.nl/index.php/Vught,_Helvoirtseweg_5_-_Lambertuskerk"],"afbeelding":"https://muurschilderingendatabase.nl/files/medium/424dd66e82eb78b0fa6182ceb7c56a2d6a70836d.jpg"}},{"type":"Feature","geometry":{"type":"Point","coordinates":[5.391319,51.51154]},"properties":{"id":"12763","naam":"Heilige Odulphuskerk, Best","plaats":"Best","identifier":"RM512321","rijksmonumentnummer":"512321","monumentenregister_url":"https://monumentenregister.cultureelerfgoed.nl/monumenten/512321","huidige_functie":"kerk","geometrie_bron":"muurschilderingendatabase","same_as":["http://www.wikidata.org/entity/Q17463759","https://monumentenregister.cultureelerfgoed.nl/monumenten/512321","https://reliwiki.nl/index.php/Best,_Hoofdstraat_33_-_Sint-Odulphus"],"afbeelding":"https://muurschilderingendatabase.nl/files/medium/3f98cd2bed1c670d0d84d79b46b3aad33cb1ef48.jpg"}},{"type":"Feature","geometry":{"type":"Point","coordinates":[5.487486,51.42997]},"properties":{"id":"12770","naam":"St.-Joriskerk, Eindhoven","plaats":"Eindhoven","identifier":"RM14646","rijksmonumentnummer":"14646","monumentenregister_url":"https://monumentenregister.cultureelerfgoed.nl/monumenten/14646","huidige_functie":"kerk","geometrie_bron":"muurschilderingendatabase","same_as":["https://monumentenregister.cultureelerfgoed.nl/monumenten/14646","https://reliwiki.nl/index.php/Eindhoven,_Sint_Jorislaan_51_-_Joris"],"afbeelding":"https://muurschilderingendatabase.nl/files/medium/c6269c42def74cf8a76437fddbf1d0b93d97a295.jpg"}},{"type":"Feature","geometry":{"type":"Point","coordinates":[5.542409,51.41857]},"properties":{"id":"12777","naam":"H.H. Maria en Brigidakerk, Geldrop","plaats":"Geldrop","identifier":"RM515927","rijksmonumentnummer":"515927","monumentenregister_url":"https://monumentenregister.cultureelerfgoed.nl/monumenten/515927","huidige_functie":"kerk","geometrie_bron":"muurschilderingendatabase","same_as":["http://www.wikidata.org/entity/Q17590530","https://monumentenregister.cultureelerfgoed.nl/monumenten/515927","https://reliwiki.nl/index.php/Geldrop,_Papenvoort_4_-_Maria_en_Brigida"],"afbeelding":"https://muurschilderingendatabase.nl/files/medium/b5053d286bf25ca6d54f3833901b07f7ee19a947.jpg"}},{"type":"Feature","geometry":{"type":"Point","coordinates":[5.227782,51.60226]},"properties":{"id":"12786","naam":"Sint Lambertuskerk, Haaren (Noord-Brabant)","plaats":"Haaren","identifier":"RM517024","rijksmonumentnummer":"517024","monumentenregister_url":"https://monumentenregister.cultureelerfgoed.nl/monumenten/517024","huidige_functie":"kerk","geometrie_bron":"muurschilderingendatabase","same_as":["http://www.wikidata.org/entity/Q2137312","https://monumentenregister.cultureelerfgoed.nl/monumenten/517024","https://reliwiki.nl/index.php/Haaren,_Monseigneur_Bekkersplein_4_-_Lambertus"],"afbeelding":"https://muurschilderingendatabase.nl/files/medium/3e2c8fc292a7fd41ae930aa48f8c09dac58f1622.jpg"}},{"type":"Feature","geometry":{"type":"Point","coordinates":[5.674478,51.60305]},"properties":{"id":"12797","naam":"St. Agatha, De Mortel","plaats":"De Mortel","identifier":"RM518257","rijksmonumentnummer":"518257","monumentenregister_url":"https://monumentenregister.cultureelerfgoed.nl/monumenten/518257","huidige_functie":"kerk","geometrie_bron":"muurschilderingendatabase","same_as":["http://www.wikidata.org/entity/Q17595020","https://monumentenregister.cultureelerfgoed.nl/monumenten/518257"],"afbeelding":"https://muurschilderingendatabase.nl/files/medium/ed51cbebab561a2f9bb7b2a5f7e69803ec3e3881.jpg"}},{"type":"Feature","geometry":{"type":"Point","coordinates":[5.483674,51.43826]},"properties":{"id":"12802","naam":"Heilig Hart- of Paterskerk, Eindhoven","plaats":"Eindhoven","identifier":"RM518826","rijksmonumentnummer":"518826","monumentenregister_url":"https://monumentenregister.cultureelerfgoed.nl/monumenten/518826","huidige_functie":"ceremoniehuis","geometrie_bron":"muurschilderingendatabase","same_as":["http://www.wikidata.org/entity/Q2576188","https://monumentenregister.cultureelerfgoed.nl/monumenten/518826","https://reliwiki.nl/index.php/Eindhoven,_Tramstraat_37-_Heilig_Hart_van_Jezus_(Paterskerk)_(1898_-_2016)"],"afbeelding":"https://muurschilderingendatabase.nl/files/medium/72d0c4c1ac7ecb791db79486160f8a22fea32dc7.jpg"}},{"type":"Feature","geometry":{"type":"Point","coordinates":[5.269792,51.47138]},"properties":{"id":"12808","naam":"H.H. Andreas en Antonius van Padua, Oostelbeers","plaats":"Oostelbeers","identifier":"RM519175","rijksmonumentnummer":"519175","monumentenregister_url":"https://monumentenregister.cultureelerfgoed.nl/monumenten/519175","huidige_functie":"cultureel en maatschappelijk","geometrie_bron":"muurschilderingendatabase","same_as":["http://www.wikidata.org/entity/Q1865649","https://monumentenregister.cultureelerfgoed.nl/monumenten/519175","https://reliwiki.nl/index.php/Oostelbeers,_Kerkstraat_10_-_H.H._Andreas_en_Antonius_van_Padua"],"afbeelding":"https://muurschilderingendatabase.nl/files/medium/a58cdc8602d662c4d67a6d0764a7b18f75e77f66.jpg"}},{"type":"Feature","geometry":{"type":"Point","coordinates":[5.826474,51.72607]},"properties":{"id":"12816","naam":"St. Lambertuskerk, Beers NB","plaats":"Beers (NB)","identifier":"RM8855","rijksmonumentnummer":"8855","monumentenregister_url":"https://monumentenregister.cultureelerfgoed.nl/monumenten/8855","huidige_functie":"Cultureel en maatschappelijk","geometrie_bron":"muurschilderingendatabase","same_as":["http://www.wikidata.org/entity/Q17614319","https://monumentenregister.cultureelerfgoed.nl/monumenten/8855","https://reliwiki.nl/index.php/Beers,_Kerkeveld_2_-_Lambertus"],"afbeelding":"https://muurschilderingendatabase.nl/files/medium/81076afbb793bd240d2cc67d8ff66960119a0c5b.jpg"}},{"type":"Feature","geometry":{"type":"Point","coordinates":[4.286174,51.49428]},"properties":{"id":"12847","naam":"Voormalige parochiekerk van de H. Maagd Maria Ten Hemelopneming","plaats":"Bergen op Zoom","identifier":"RM9127","rijksmonumentnummer":"9127","monumentenregister_url":"https://monumentenregister.cultureelerfgoed.nl/monumenten/9127","huidige_functie":"stadsschouwburg","geometrie_bron":"muurschilderingendatabase","same_as":["http://www.wikidata.org/entity/Q13742880","https://monumentenregister.cultureelerfgoed.nl/monumenten/9127","https://reliwiki.nl/index.php/Bergen_op_Zoom,_Grote_Markt_32_-_H._Maagd_Maria_(1829_-_1987)"],"afbeelding":"https://muurschilderingendatabase.nl/files/medium/2806ca5b09e5f583fe94488994121d11239ede07.jpg"}},{"type":"Feature","geometry":{"type":"Point","coordinates":[4.637786,52.39054]},"properties":{"id":"13059","naam":"Museum van de Geest, Haarlem","plaats":"Haarlem","identifier":"RM19688","rijksmonumentnummer":"19688","monumentenregister_url":"https://monumentenregister.cultureelerfgoed.nl/monumenten/19688","huidige_functie":"museum","geometrie_bron":"muurschilderingendatabase","same_as":["http://www.wikidata.org/entity/Q17254820","https://monumentenregister.cultureelerfgoed.nl/monumenten/19688"],"afbeelding":"https://muurschilderingendatabase.nl/files/medium/8823ff81ab628fe3d8c3c9f98965d601b13dd364.jpg"}},{"type":"Feature","geometry":{"type":"Point","coordinates":[4.918258,52.34668]},"properties":{"id":"13103","naam":"Amstelstation, Amsterdam","plaats":"Amsterdam","identifier":"RM526988","rijksmonumentnummer":"526988","monumentenregister_url":"https://monumentenregister.cultureelerfgoed.nl/monumenten/526988","huidige_functie":"Station","geometrie_bron":"muurschilderingendatabase","same_as":["http://www.wikidata.org/entity/Q50720","https://monumentenregister.cultureelerfgoed.nl/monumenten/526988"],"afbeelding":"https://muurschilderingendatabase.nl/files/medium/75586a06da67c5913e8b4ffb26047bd3070bd4b9.jpg"}},{"type":"Feature","geometry":{"type":"Point","coordinates":[4.371897,52.00098]},"properties":{"id":"13124","naam":"Faculteit Mechanical Engineering, voormalig gebouw voor Werktuig-, Scheeps- en Vliegtuigbouwkunde, Delft","plaats":"Delft","identifier":"RM530937","rijksmonumentnummer":"530937","monumentenregister_url":"https://monumentenregister.cultureelerfgoed.nl/monumenten/530937","huidige_functie":"faculteitsgebouw","geometrie_bron":"muurschilderingendatabase","same_as":["http://www.wikidata.org/entity/Q17331206"],"afbeelding":null}},{"type":"Feature","geometry":{"type":"Point","coordinates":[5.798427,50.86989]},"properties":{"id":"13214","naam":"Kasteel van Sint-Gerlach","plaats":"Houthem","identifier":"RM36793","rijksmonumentnummer":"36793","monumentenregister_url":"https://monumentenregister.cultureelerfgoed.nl/monumenten/36793","huidige_functie":"hotel, restaurant, conferentieoord","geometrie_bron":"muurschilderingendatabase","same_as":["http://www.wikidata.org/entity/Q3916348","https://monumentenregister.cultureelerfgoed.nl/monumenten/36793","https://nl.wikipedia.org/wiki/Ch%C3%A2teau_St._Gerlach"],"afbeelding":"https://muurschilderingendatabase.nl/files/medium/79274a7e910a6b78858cea30d8d92fe54f994943.jpg"}},{"type":"Feature","geometry":{"type":"Point","coordinates":[5.841673,50.82962]},"properties":{"id":"13799","naam":"Sint-Barbara, Scheulder","plaats":"Scheulder","identifier":"RM18232","rijksmonumentnummer":"18232","monumentenregister_url":"https://monumentenregister.cultureelerfgoed.nl/monumenten/18232","huidige_functie":"kerk","geometrie_bron":"muurschilderingendatabase","same_as":["http://www.wikidata.org/entity/Q2615282","https://monumentenregister.cultureelerfgoed.nl/monumenten/18232","https://nl.wikipedia.org/wiki/Sint-Barbarakerk_(Scheulder)","https://reliwiki.nl/index.php/Scheulder,_Scheulder_Dorpsstraat_70_-_Barbara","https://www.kerkgebouwen-in-limburg.nl/kerken/scheulder/barbara"],"afbeelding":null}},{"type":"Feature","geometry":{"type":"Point","coordinates":[5.900402,51.24971]},"properties":{"id":"13834","naam":"Sint Nicolaaskerk, Heythuysen","plaats":"Heythuysen","identifier":"RM22127","rijksmonumentnummer":"22127","monumentenregister_url":"https://monumentenregister.cultureelerfgoed.nl/monumenten/22127","huidige_functie":"kerk","geometrie_bron":"muurschilderingendatabase","same_as":["http://www.wikidata.org/entity/Q17404921","https://monumentenregister.cultureelerfgoed.nl/monumenten/22127","https://reliwiki.nl/index.php/Heythuysen,_Dorpstraat_120_-_Nicolaas","https://www.kerkgebouwen-in-limburg.nl/kerken/heythuysen/nicolaas"],"afbeelding":"https://muurschilderingendatabase.nl/files/medium/3e711ff1dcc7e160dca485eb8beb6d4be03cae45.jpg"}},{"type":"Feature","geometry":{"type":"Point","coordinates":[6.06054,50.86498]},"properties":{"id":"13842","naam":"Sint Lambertuskerk, Kerkrade","plaats":"Kerkrade","identifier":"RM23556","rijksmonumentnummer":"23556","monumentenregister_url":"https://monumentenregister.cultureelerfgoed.nl/monumenten/23556","huidige_functie":"kerk","geometrie_bron":"muurschilderingendatabase","same_as":["http://www.wikidata.org/entity/Q7478192","https://monumentenregister.cultureelerfgoed.nl/monumenten/23556","https://reliwiki.nl/index.php/Kerkrade,_Kerkplein_7_-_Lambertus","https://www.kerkgebouwen-in-limburg.nl/kerken/kerkrade/lambertus"],"afbeelding":"https://muurschilderingendatabase.nl/files/medium/be4583ebb319005a9649c1d2ea6a07732e707c7c.jpg"}},{"type":"Feature","geometry":{"type":"Point","coordinates":[6.052296,50.91625]},"properties":{"id":"13848","naam":"Sint Jozef, Landgraaf","plaats":"Ubach over Worms","identifier":"RM23865","rijksmonumentnummer":"23865","monumentenregister_url":"https://monumentenregister.cultureelerfgoed.nl/monumenten/23865","huidige_functie":"kerk","geometrie_bron":"muurschilderingendatabase","same_as":["http://www.wikidata.org/entity/Q4423853","https://monumentenregister.cultureelerfgoed.nl/monumenten/23865","https://reliwiki.nl/index.php/Waubach_(Ubach_over_Worms),_Kerkstraat_31_-_Jozef","https://www.kerkgebouwen-in-limburg.nl/kerken/ubach-over-worms/jozef"],"afbeelding":null}},{"type":"Feature","geometry":{"type":"Point","coordinates":[5.683728,50.84748]},"properties":{"id":"13849","naam":"Kloosterkerk, Maastricht","plaats":"Maastricht","identifier":"RM26637","rijksmonumentnummer":"26637","monumentenregister_url":"https://monumentenregister.cultureelerfgoed.nl/monumenten/26637","huidige_functie":"ontvangst- en kantineruimte","geometrie_bron":"muurschilderingendatabase","same_as":["http://www.wikidata.org/entity/Q17327377","https://monumentenregister.cultureelerfgoed.nl/monumenten/26637","https://reliwiki.nl/index.php/Maastricht,_Abstraat_2_-_Calvariekapel","https://www.kerkgebouwen-in-limburg.nl/kerken/maastricht/klooster-calverienberg-voormalig"],"afbeelding":null}},{"type":"Feature","geometry":{"type":"Point","coordinates":[5.688037,50.85277]},"properties":{"id":"13853","naam":"Huis der Twaalf Apostelen, genaamd De Belick, Maastricht","plaats":"Maastricht","identifier":"RM26722","rijksmonumentnummer":"26722","monumentenregister_url":"https://monumentenregister.cultureelerfgoed.nl/monumenten/26722","huidige_functie":"Hofje met woningen","geometrie_bron":"muurschilderingendatabase","same_as":["http://www.wikidata.org/entity/Q17327544","https://monumentenregister.cultureelerfgoed.nl/monumenten/26722","https://nl.wikipedia.org/wiki/Twaalf_Apostelenhofje"],"afbeelding":"https://muurschilderingendatabase.nl/files/medium/56cf28872416983038ea24b393aae3db47ed2549.jpg"}},{"type":"Feature","geometry":{"type":"Point","coordinates":[5.692643,50.84596]},"properties":{"id":"13917","naam":"Voormalige Franciscanenkerk, Maastricht","plaats":"Maastricht","identifier":"RM27477","rijksmonumentnummer":"27477","monumentenregister_url":"https://monumentenregister.cultureelerfgoed.nl/monumenten/27477","huidige_functie":"archief","geometrie_bron":"muurschilderingendatabase","same_as":["http://www.wikidata.org/entity/Q20035568","http://www.wikidata.org/entity/Q4990325","https://monumentenregister.cultureelerfgoed.nl/monumenten/27477","https://reliwiki.nl/index.php/Maastricht,_Sint_Pieterstraat_5_-_Oude_Franciscanenkerk_(14e_eeuw_-_1632)","https://www.kerkgebouwen-in-limburg.nl/kerken/maastricht/franciskanenkerk-en-klooster-oude-minderbroederskerk-voormalige"],"afbeelding":"https://muurschilderingendatabase.nl/files/medium/8084ed557f449ec0a54ee333ceec44e97a858c5b.jpg"}},{"type":"Feature","geometry":{"type":"Point","coordinates":[5.692251,50.84598]},"properties":{"id":"13924","naam":"Waalse kerk, Maastricht","plaats":"Maastricht","identifier":"RM27478","rijksmonumentnummer":"27478","monumentenregister_url":"https://monumentenregister.cultureelerfgoed.nl/monumenten/27478","huidige_functie":"kerk","geometrie_bron":"muurschilderingendatabase","same_as":["http://www.wikidata.org/entity/Q7477910","https://monumentenregister.cultureelerfgoed.nl/monumenten/27478","https://reliwiki.nl/index.php/Maastricht,_Sint_Pieterstraat_6_-_Waalse_Kerk"],"afbeelding":"https://muurschilderingendatabase.nl/files/medium/338f0d60118cb72ad0cf3147ca70c70222732452.jpg"}},{"type":"Feature","geometry":{"type":"Point","coordinates":[5.687884,50.84845]},"properties":{"id":"13928","naam":"Sint Janskerk, Maastricht","plaats":"Maastricht","identifier":"RM27704","rijksmonumentnummer":"27704","monumentenregister_url":"https://monumentenregister.cultureelerfgoed.nl/monumenten/27704","huidige_functie":"kerk","geometrie_bron":"muurschilderingendatabase","same_as":["http://www.wikidata.org/entity/Q1263843","https://monumentenregister.cultureelerfgoed.nl/monumenten/27704","https://reliwiki.nl/index.php/Maastricht,_Vrijthof_24_-_Sint_Janskerk","https://www.kerkgebouwen-in-limburg.nl/kerken/maastricht/sint-janskerk"],"afbeelding":"https://muurschilderingendatabase.nl/files/medium/a8c55bd9a8ec47ab916179c0ed0cb04f33d01c2e.jpg"}},{"type":"Feature","geometry":{"type":"Point","coordinates":[5.739691,50.92402]},"properties":{"id":"14038","naam":"Martinus, Geulle","plaats":"Geulle","identifier":"RM28476","rijksmonumentnummer":"28476","monumentenregister_url":"https://monumentenregister.cultureelerfgoed.nl/monumenten/28476","huidige_functie":"kerk","geometrie_bron":"muurschilderingendatabase","same_as":["https://monumentenregister.cultureelerfgoed.nl/monumenten/28476","https://reliwiki.nl/index.php/Geulle,_Kerkplein_6_-_Martinus","https://www.kerkgebouwen-in-limburg.nl/kerken/geulle-aan-de-maas/martinus","https://www.wikidata.org/wiki/Q4723419"],"afbeelding":"https://muurschilderingendatabase.nl/files/medium/cb94bf5846d70a2586686ee6ffca71c75bb595fa.jpg"}},{"type":"Feature","geometry":{"type":"Point","coordinates":[5.870079,50.99904]},"properties":{"id":"14077","naam":"Basiliek Onze Lieve Vrouw van het H. Hart, Sittard","plaats":"Sittard","identifier":"RM33709","rijksmonumentnummer":"33709","monumentenregister_url":"https://monumentenregister.cultureelerfgoed.nl/monumenten/33709","huidige_functie":"kerk","geometrie_bron":"muurschilderingendatabase","same_as":["https://monumentenregister.cultureelerfgoed.nl/monumenten/33709","https://reliwiki.nl/index.php/Sittard,_Oude_Markt_23_-_Basiliek_O.L._Vrouw_van_het_Heilig_Hart","https://www.kerkgebouwen-in-limburg.nl/kerken/sittard/ol-vrouw-van-het-h-hart-basiliek","https://www.wikidata.org/wiki/Q2048436"],"afbeelding":"https://muurschilderingendatabase.nl/files/medium/6ad26779e865b8d6fb83a49c13a62abcd8dab4c9.jpg"}},{"type":"Feature","geometry":{"type":"Point","coordinates":[5.821316,50.82009]},"properties":{"id":"14091","naam":"Heilige Margarita, Margraten","plaats":"Margraten","identifier":"RM34614","rijksmonumentnummer":"34614","monumentenregister_url":"https://monumentenregister.cultureelerfgoed.nl/monumenten/34614","huidige_functie":"kerk","geometrie_bron":"muurschilderingendatabase","same_as":["https://monumentenregister.cultureelerfgoed.nl/monumenten/34614","https://reliwiki.nl/index.php/Margraten,_Pastoor_Brouwersstraat_21_-_Sint-Margaritakerk","https://www.kerkgebouwen-in-limburg.nl/kerken/margraten/margarita","https://www.wikidata.org/wiki/Q2199842"],"afbeelding":"https://muurschilderingendatabase.nl/files/medium/ba5ba6ca02923e475dceb0323e58197a4676fddd.jpg"}},{"type":"Feature","geometry":{"type":"Point","coordinates":[5.766979,50.93932]},"properties":{"id":"14136","naam":"Mariakapel, Catsop","plaats":"Catsop","identifier":"RM34881","rijksmonumentnummer":"34881","monumentenregister_url":"https://monumentenregister.cultureelerfgoed.nl/monumenten/34881","huidige_functie":"kapel","geometrie_bron":"muurschilderingendatabase","same_as":["https://monumentenregister.cultureelerfgoed.nl/monumenten/34881","https://www.wikidata.org/wiki/Q7478068"],"afbeelding":"https://muurschilderingendatabase.nl/files/medium/8db75082d187a7e5c34d58c64aba0a09cd243cfb.jpg"}},{"type":"Feature","geometry":{"type":"Point","coordinates":[5.837033,51.17055]},"properties":{"id":"14153","naam":"Kapel Onder de Linden (Loretokapel ), Thorn","plaats":"Thorn","identifier":"RM35513","rijksmonumentnummer":"35513","monumentenregister_url":"https://monumentenregister.cultureelerfgoed.nl/monumenten/35513","huidige_functie":"kapel","geometrie_bron":"muurschilderingendatabase","same_as":["https://monumentenregister.cultureelerfgoed.nl/monumenten/35513","https://reliwiki.nl/index.php/Thorn,_Kapel_4_-_Loretokapel","https://www.kerkgebouwen-in-limburg.nl/kerken/thorn/kapel-van-de-ol-vrouwe-onder-de-linden-loretokapel","https://www.wikidata.org/wiki/Q17443599"],"afbeelding":"https://muurschilderingendatabase.nl/files/medium/8524da42c687f0c368213c8e677174b5061febbe.jpg"}},{"type":"Feature","geometry":{"type":"Point","coordinates":[5.852974,50.8623]},"properties":{"id":"14187","naam":"De Kluis, Schin op Geul","plaats":"Schin op Geul","identifier":"RM36829","rijksmonumentnummer":"36829","monumentenregister_url":"https://monumentenregister.cultureelerfgoed.nl/monumenten/36829","huidige_functie":"kapel","geometrie_bron":"muurschilderingendatabase","same_as":["https://monumentenregister.cultureelerfgoed.nl/monumenten/36829","https://reliwiki.nl/index.php/Oud_Valkenburg,_Schaelsberg_2_-_De_Kluis","https://www.kerkgebouwen-in-limburg.nl/kerken/schin-op-geul/kluis-op-de-schaesberg","https://www.wikidata.org/wiki/Q2840395"],"afbeelding":"https://muurschilderingendatabase.nl/files/medium/3f65579bbb90f0bb088b03414018522cf58ab40b.jpg"}},{"type":"Feature","geometry":{"type":"Point","coordinates":[5.832756,50.84837]},"properties":{"id":"14198","naam":"Kapel Sibbergroeve, Sibbe","plaats":"Sibbe","identifier":"RM36830","rijksmonumentnummer":"36830","monumentenregister_url":"https://monumentenregister.cultureelerfgoed.nl/monumenten/36830","huidige_functie":"kapel in grot","geometrie_bron":"muurschilderingendatabase","same_as":["https://monumentenregister.cultureelerfgoed.nl/monumenten/36830","https://reliwiki.nl/index.php/Sibbe,_Bergstraat_-_Kapel_in_de_Sibbergroeve","https://www.kerkgebouwen-in-limburg.nl/index.jsp?id=40731","https://www.wikidata.org/wiki/Q17445233"],"afbeelding":null}},{"type":"Feature","geometry":{"type":"Point","coordinates":[5.93035,51.5297]},"properties":{"id":"14221","naam":"Johannes de Doper, Merselo","plaats":"Merselo","identifier":"RM37221","rijksmonumentnummer":"37221","monumentenregister_url":"https://monumentenregister.cultureelerfgoed.nl/monumenten/37221","huidige_functie":"kerk","geometrie_bron":"muurschilderingendatabase","same_as":["https://monumentenregister.cultureelerfgoed.nl/monumenten/37221","https://reliwiki.nl/index.php/Merselo,_Kleindorp_2_-_Johannes_de_Doper","https://www.kerkgebouwen-in-limburg.nl/kerken/merselo/johannes-de-doper","https://www.wikidata.org/wiki/Q2232918"],"afbeelding":"https://muurschilderingendatabase.nl/files/medium/48bdab59f63ed68dbe716af219de288af0806f6e.jpg"}},{"type":"Feature","geometry":{"type":"Point","coordinates":[6.036853,51.51089]},"properties":{"id":"14225","naam":"Gertrudis, Oirlo","plaats":"Oirlo","identifier":"RM37225","rijksmonumentnummer":"37225","monumentenregister_url":"https://monumentenregister.cultureelerfgoed.nl/monumenten/37225","huidige_functie":"kerk","geometrie_bron":"muurschilderingendatabase","same_as":["https://monumentenregister.cultureelerfgoed.nl/monumenten/37225","https://reliwiki.nl/index.php/Oirlo,_Hoofdstraat_23_-_Gertrudis","https://www.kerkgebouwen-in-limburg.nl/kerken/oirlo/gertrudis","https://www.wikidata.org/wiki/Q17445631"],"afbeelding":"https://muurschilderingendatabase.nl/files/medium/5e5263a72e739099a2759aee843205e9ce9e49e5.jpg"}},{"type":"Feature","geometry":{"type":"Point","coordinates":[5.934692,50.82535]},"properties":{"id":"14258","naam":"Sint Agathakerk, Eys","plaats":"Eys","identifier":"RM39168","rijksmonumentnummer":"39168","monumentenregister_url":"https://monumentenregister.cultureelerfgoed.nl/monumenten/39168","huidige_functie":"kerk","geometrie_bron":"muurschilderingendatabase","same_as":["https://monumentenregister.cultureelerfgoed.nl/monumenten/39168","https://reliwiki.nl/index.php/Eys,_Grachtstraat_2_-_Agatha","https://www.kerkgebouwen-in-limburg.nl/kerken/eys/agatha","https://www.wikidata.org/wiki/Q7477193"],"afbeelding":"https://muurschilderingendatabase.nl/files/medium/97705e6edd1797501c3d0f1940ab23f21a3d11d9.jpg"}},{"type":"Feature","geometry":{"type":"Point","coordinates":[5.925813,50.93979]},"properties":{"id":"14274","naam":"Kasteel Amstenrade, Amstenrade","plaats":"Amstenrade","identifier":"RM456108","rijksmonumentnummer":"456108","monumentenregister_url":"https://monumentenregister.cultureelerfgoed.nl/monumenten/456108","huidige_functie":"woning","geometrie_bron":"muurschilderingendatabase","same_as":["https://monumentenregister.cultureelerfgoed.nl/monumenten/456108","https://www.wikidata.org/wiki/Q11171626"],"afbeelding":"https://muurschilderingendatabase.nl/files/medium/101a7989b52b2cb8bccd566a9558c2af02427ad3.jpg"}},{"type":"Feature","geometry":{"type":"Point","coordinates":[5.838729,50.80049]},"properties":{"id":"14277","naam":"Franciscus van Assisi, Reijmerstok","plaats":"Reijmerstok","identifier":"RM491690","rijksmonumentnummer":"491690","monumentenregister_url":"https://monumentenregister.cultureelerfgoed.nl/monumenten/491690","huidige_functie":"kerk","geometrie_bron":"muurschilderingendatabase","same_as":["https://monumentenregister.cultureelerfgoed.nl/monumenten/491690","https://reliwiki.nl/index.php/Reijmerstok,_Reijmerstokkerdorpsstraat_95_-_Franciscus_van_Assisi","https://www.kerkgebouwen-in-limburg.nl/kerken/reijmerstok/franciscus-van-assisi","https://www.wikidata.org/wiki/Q2548126"],"afbeelding":"https://muurschilderingendatabase.nl/files/medium/8f1b95e9c2bc6b2063518c2a36aab1b6ebbbc1e2.jpg"}},{"type":"Feature","geometry":{"type":"Point","coordinates":[5.992192,50.78647]},"properties":{"id":"14280","naam":"Rectoraatskerk van de H.Catharina, Lemiers","plaats":"Lemiers","identifier":"RM491845","rijksmonumentnummer":"491845","monumentenregister_url":"https://monumentenregister.cultureelerfgoed.nl/monumenten/491845","huidige_functie":"kerk","geometrie_bron":"muurschilderingendatabase","same_as":["https://monumentenregister.cultureelerfgoed.nl/monumenten/491845","https://reliwiki.nl/index.php/Lemiers,_Lemiers_Rijksweg_83_-_Catharina_en_Lucia","https://www.kerkgebouwen-in-limburg.nl/kerken/lemiers/catharina-van-alexandrie","https://www.wikidata.org/wiki/Q2937859"],"afbeelding":"https://muurschilderingendatabase.nl/files/medium/de1df7335db3eb4501d22951a8b292b263253fc5.jpg"}},{"type":"Feature","geometry":{"type":"Point","coordinates":[5.713517,50.7945]},"properties":{"id":"14284","naam":"Heilige Jozef, Oost-Maarland","plaats":"Oost-Maarland","identifier":"RM499034","rijksmonumentnummer":"499034","monumentenregister_url":"https://monumentenregister.cultureelerfgoed.nl/monumenten/499034","huidige_functie":"kerk","geometrie_bron":"muurschilderingendatabase","same_as":["https://monumentenregister.cultureelerfgoed.nl/monumenten/499034","https://reliwiki.nl/index.php/Oost-Maarland,_Sint_Jozefstraat_20_-_Jozef","https://www.kerkgebouwen-in-limburg.nl/kerken/oost-maarland/jozef","https://www.wikidata.org/wiki/Q2129970"],"afbeelding":"https://muurschilderingendatabase.nl/files/medium/829eac829dfa5d0d8b2e0dc81691913494bbc491.jpg"}},{"type":"Feature","geometry":{"type":"Point","coordinates":[5.692149,50.84797]},"properties":{"id":"14288","naam":"Voormalige Jezuïetenkerk, Maastricht","plaats":"Maastricht","identifier":"RM506705","rijksmonumentnummer":"506705","monumentenregister_url":"https://monumentenregister.cultureelerfgoed.nl/monumenten/506705","huidige_functie":"theater","geometrie_bron":"muurschilderingendatabase","same_as":["https://monumentenregister.cultureelerfgoed.nl/monumenten/506705","https://reliwiki.nl/index.php/Maastricht,_Achter_de_Comedie_1_-_Jezu%C3%AFetenkerk","https://www.kerkgebouwen-in-limburg.nl/kerken/maastricht/jezuietenkerk-en-klooster-voormalig","https://www.wikidata.org/wiki/Q2318129"],"afbeelding":"https://muurschilderingendatabase.nl/files/medium/aee2c73576179a9c5e0cb32fea2d0985fb39d294.jpg"}},{"type":"Feature","geometry":{"type":"Point","coordinates":[5.738686,50.87926]},"properties":{"id":"14296","naam":"Heilig Hart Van Jezus, Rothem","plaats":"Rothem","identifier":"RM507212","rijksmonumentnummer":"507212","monumentenregister_url":"https://monumentenregister.cultureelerfgoed.nl/monumenten/507212","huidige_functie":"kerk","geometrie_bron":"muurschilderingendatabase","same_as":["http://www.wikidata.org/entity/Q2617415","https://monumentenregister.cultureelerfgoed.nl/monumenten/507212","https://reliwiki.nl/index.php/Rothem,_Kerkweg_54_-_Heilig_Hart_van_Jezus","https://www.kerkgebouwen-in-limburg.nl/kerken/rothem/h-hart-van-jezus"],"afbeelding":"https://muurschilderingendatabase.nl/files/medium/5468c66ea38dcbfac4fb33b99b645f60f9bdb2d8.jpg"}},{"type":"Feature","geometry":{"type":"Point","coordinates":[5.816139,50.95193]},"properties":{"id":"14311","naam":"Heilige Callistus, Neerbeek","plaats":"Neerbeek","identifier":"RM513193","rijksmonumentnummer":"513193","monumentenregister_url":"https://monumentenregister.cultureelerfgoed.nl/monumenten/513193","huidige_functie":"kerk","geometrie_bron":"muurschilderingendatabase","same_as":["https://monumentenregister.cultureelerfgoed.nl/monumentenregister?tekst=513193","https://reliwiki.nl/index.php?search=513193","https://www.kerkgebouwen-in-limburg.nl/kerken/neerbeek/callistus","https://www.wikidata.org/wiki/Q7477425"],"afbeelding":"https://muurschilderingendatabase.nl/files/medium/c93dd3fbec077bcfdffc9df027c7c25b3ed65487.jpg"}},{"type":"Feature","geometry":{"type":"Point","coordinates":[5.999279,51.19071]},"properties":{"id":"14328","naam":"H. Hart van Jezus, Roermond","plaats":"Roermond","identifier":"RM520535","rijksmonumentnummer":"520535","monumentenregister_url":"https://monumentenregister.cultureelerfgoed.nl/monumenten/520535","huidige_functie":"kerk","geometrie_bron":"muurschilderingendatabase","same_as":["https://monumentenregister.cultureelerfgoed.nl/monumenten/520535","https://reliwiki.nl/index.php/Roermond,_Monseigneur_Driessenstraat_4_-_Heilig_Hart_van_Jezus","https://www.kerkgebouwen-in-limburg.nl/kerken/roermond/h-hart-van-jezus","https://www.wikidata.org/wiki/Q17597034"],"afbeelding":"https://muurschilderingendatabase.nl/files/medium/46ce02c5ae1dcc45a57a6284c235b9096883c8fc.jpg"}},{"type":"Feature","geometry":{"type":"Point","coordinates":[5.891905,51.00309]},"properties":{"id":"14332","naam":"O. L. Vrouw Geboorte, Broeksittard","plaats":"Broeksittard","identifier":"RM521629","rijksmonumentnummer":"521629","monumentenregister_url":"https://monumentenregister.cultureelerfgoed.nl/monumenten/521629","huidige_functie":"kerk","geometrie_bron":"muurschilderingendatabase","same_as":["https://monumentenregister.cultureelerfgoed.nl/monumenten/521629","https://reliwiki.nl/index.php/Sittard,_In_de_Camp_1_-_O.L._Vrouw_Geboorte","https://www.kerkgebouwen-in-limburg.nl/kerken/broeksittard/ol-vrouw-geboorte","https://www.wikidata.org/wiki/Q17598374"],"afbeelding":null}},{"type":"Feature","geometry":{"type":"Point","coordinates":[6.12027,51.33367]},"properties":{"id":"14644","naam":"Sint Michaëlklooster - St. Michaël (kerk) bovenkerk, Steyl","plaats":"Steyl","identifier":"RM528352","rijksmonumentnummer":"528352","monumentenregister_url":"https://monumentenregister.cultureelerfgoed.nl/monumenten/528352","huidige_functie":"Missiehuis ","geometrie_bron":"muurschilderingendatabase","same_as":["https://monumentenregister.cultureelerfgoed.nl/monumenten/528352","https://reliwiki.nl/index.php/Steyl,_St._Micha%C3%ABlstraat_7_-_St._Micha%C3%ABl_(Missiehuis_en_dubbelkerk)","https://www.wikidata.org/wiki/Q17607123"],"afbeelding":"https://muurschilderingendatabase.nl/files/medium/a6bff6163409e58e974be8e5aa4a81edf5180583.jpg"}},{"type":"Feature","geometry":{"type":"Point","coordinates":[5.797295,50.93867]},"properties":{"id":"14652","naam":"Sint Martinus, Beek","plaats":"Beek","identifier":"RM8752","rijksmonumentnummer":"8752","monumentenregister_url":"https://monumentenregister.cultureelerfgoed.nl/monumenten/8752","huidige_functie":"kerk","geometrie_bron":"muurschilderingendatabase","same_as":["https://monumentenregister.cultureelerfgoed.nl/monumenten/8752","https://reliwiki.nl/index.php/Beek,_Burgemeester_Janssenstraat_9_-_Martinus","https://www.kerkgebouwen-in-limburg.nl/kerken/beek/martinus","https://www.wikidata.org/wiki/Q17614116"],"afbeelding":"https://muurschilderingendatabase.nl/files/medium/b15e142648393c559da78fb443270ae92e31980b.jpg"}},{"type":"Feature","geometry":{"type":"Point","coordinates":[6.045993,50.91251]},"properties":{"id":"14677","naam":"H. Theresia van het Kind Jezus en Don Bosco, Landgraaf","plaats":"Landgraaf","identifier":"RM521666","rijksmonumentnummer":"521666","monumentenregister_url":"https://monumentenregister.cultureelerfgoed.nl/monumenten/521666","huidige_functie":"in transformatie","geometrie_bron":"muurschilderingendatabase","same_as":["https://monumentenregister.cultureelerfgoed.nl/monumenten/521666","https://reliwiki.nl/index.php/Landgraaf,_Salesianenstraat_118_-_Theresia_en_Don_Bosco","https://www.kerkgebouwen-in-limburg.nl/kerken/lauradorp/theresia-van-het-kind-jezus-en-don-bosco","https://www.wikidata.org/wiki/Q7478280"],"afbeelding":"https://muurschilderingendatabase.nl/files/medium/d82476d4c4068220a6a669c59a43d35b5552337e.jpg"}},{"type":"Feature","geometry":{"type":"Point","coordinates":[5.828708,50.86241]},"properties":{"id":"14680","naam":"Gemeentegroeve, Valkenburg","plaats":"Valkenburg","identifier":"RM511216","rijksmonumentnummer":"511216","monumentenregister_url":"https://monumentenregister.cultureelerfgoed.nl/monumenten/511216","huidige_functie":"museum","geometrie_bron":"muurschilderingendatabase","same_as":["https://monumentenregister.cultureelerfgoed.nl/monumenten/511216","https://www.wikidata.org/wiki/Q5500107"],"afbeelding":null}},{"type":"Feature","geometry":{"type":"Point","coordinates":[4.638844,52.3833]},"properties":{"id":"14786","naam":"Joseph, Haarlem","plaats":"Haarlem","identifier":"RM19302","rijksmonumentnummer":"19302","monumentenregister_url":"https://monumentenregister.cultureelerfgoed.nl/monumenten/19302","huidige_functie":"kerk","geometrie_bron":"muurschilderingendatabase","same_as":["https://monumentenregister.cultureelerfgoed.nl/monumenten/19302","https://reliwiki.nl/index.php/Haarlem,_Jansstraat_41_-_Joseph","https://www.wikidata.org/wiki/Q7589337"],"afbeelding":"https://muurschilderingendatabase.nl/files/medium/28163efba93a5deea3e7479cb21ce69201342b4e.jpg"}},{"type":"Feature","geometry":{"type":"Point","coordinates":[4.639642,52.3796]},"properties":{"id":"14797","naam":"Huis Hodshon, Haarlem","plaats":"Haarlem","identifier":"RM19705","rijksmonumentnummer":"19705","monumentenregister_url":"https://monumentenregister.cultureelerfgoed.nl/monumenten/19705","huidige_functie":"Museumhuis","geometrie_bron":"muurschilderingendatabase","same_as":["https://monumentenregister.cultureelerfgoed.nl/monumenten/19705","https://www.wikidata.org/wiki/Q4765906"],"afbeelding":"https://muurschilderingendatabase.nl/files/medium/c9eca936aa525abfd68a3f1f53612bc20fa17986.jpg"}},{"type":"Feature","geometry":{"type":"Point","coordinates":[5.060133,52.74365]},"properties":{"id":"14862","naam":"Hervormde Kerk, Twisk","plaats":"Twisk","identifier":"RM30714","rijksmonumentnummer":"30714","monumentenregister_url":"https://monumentenregister.cultureelerfgoed.nl/monumenten/30714","huidige_functie":"theater","geometrie_bron":"muurschilderingendatabase","same_as":["https://monumentenregister.cultureelerfgoed.nl/monumenten/30714","https://reliwiki.nl/index.php/Twisk,_Dorpsweg_121_-_Hervormde_Kerk","https://www.wikidata.org/wiki/Q17437646"],"afbeelding":"https://muurschilderingendatabase.nl/files/medium/88c681ee8fd227a9df5f21f7b4377dc52e5e04fc.jpg"}},{"type":"Feature","geometry":{"type":"Point","coordinates":[4.658829,52.48177]},"properties":{"id":"14909","naam":"Agatha, Beverwijk","plaats":"Beverwijk","identifier":"RM492352","rijksmonumentnummer":"492352","monumentenregister_url":"https://monumentenregister.cultureelerfgoed.nl/monumenten/492352","huidige_functie":"kerk","geometrie_bron":"muurschilderingendatabase","same_as":["https://monumentenregister.cultureelerfgoed.nl/monumenten/492352"],"afbeelding":"https://muurschilderingendatabase.nl/files/medium/5b1a0808a6972e68aef294730a43d8c5d8795349.jpg"}},{"type":"Feature","geometry":{"type":"Point","coordinates":[5.10208,52.77213]},"properties":{"id":"14914","naam":"Martinus, Medemblik","plaats":"Medemblik","identifier":"RM502377","rijksmonumentnummer":"502377","monumentenregister_url":"https://monumentenregister.cultureelerfgoed.nl/monumenten/502377","huidige_functie":"kerk","geometrie_bron":"muurschilderingendatabase","same_as":["https://monumentenregister.cultureelerfgoed.nl/monumenten/502377","https://reliwiki.nl/index.php/Medemblik,_Ridderstraat_5_-_Sint-Martinus","https://www.wikidata.org/wiki/Q2544427"],"afbeelding":null}},{"type":"Feature","geometry":{"type":"Point","coordinates":[4.88225,52.34867]},"properties":{"id":"14940","naam":"Apollo House, Amsterdam","plaats":"Amsterdam","identifier":"RM527828","rijksmonumentnummer":"527828","monumentenregister_url":"https://monumentenregister.cultureelerfgoed.nl/monumenten/527828","huidige_functie":"kantoor","geometrie_bron":"muurschilderingendatabase","same_as":["https://monumentenregister.cultureelerfgoed.nl/monumenten/527828","https://www.wikidata.org/wiki/Q2436644"],"afbeelding":"https://muurschilderingendatabase.nl/files/medium/bb02bc724aa0097391b6b57a6d1e7c37829772b0.jpg"}},{"type":"Feature","geometry":{"type":"Point","coordinates":[4.752251,52.62986]},"properties":{"id":"14964","naam":"Laurentius, Alkmaar","plaats":"Alkmaar","identifier":"RM7433","rijksmonumentnummer":"7433","monumentenregister_url":"https://monumentenregister.cultureelerfgoed.nl/monumenten/7433","huidige_functie":"kerk","geometrie_bron":"muurschilderingendatabase","same_as":["https://monumentenregister.cultureelerfgoed.nl/monumenten/7433","https://reliwiki.nl/index.php/Alkmaar,_Verdronkenoord_68_-_Laurentius","https://www.wikidata.org/wiki/Q2274398"],"afbeelding":"https://muurschilderingendatabase.nl/files/medium/ad97fb07e1fdde644add01a9ca794d5d91b8f6f8.jpg"}},{"type":"Feature","geometry":{"type":"Point","coordinates":[4.354659,52.01086]},"properties":{"id":"15064","naam":"Sociëteit Phoenix, Delft","plaats":"Delft","identifier":"RM12156","rijksmonumentnummer":"12156","monumentenregister_url":"https://monumentenregister.cultureelerfgoed.nl/monumenten/12156","huidige_functie":"sociëteit","geometrie_bron":"muurschilderingendatabase","same_as":["https://monumentenregister.cultureelerfgoed.nl/monumenten/12156","https://www.wikidata.org/wiki/Q17330739"],"afbeelding":"https://muurschilderingendatabase.nl/files/medium/6834f0eeab282ba16091cccd6055bd3e1e30de13.jpg"}},{"type":"Feature","geometry":{"type":"Point","coordinates":[4.361046,52.01136]},"properties":{"id":"15225","naam":"Maria van Jessekerk, Delft","plaats":"Delft","identifier":"RM18279","rijksmonumentnummer":"18279","monumentenregister_url":"https://monumentenregister.cultureelerfgoed.nl/monumenten/18279","huidige_functie":"kerk","geometrie_bron":"muurschilderingendatabase","same_as":["https://monumentenregister.cultureelerfgoed.nl/monumenten/18279","https://reliwiki.nl/index.php/Delft,_Burgwal_20_-_Maria_van_Jessekerk_(Joseph)","https://www.wikidata.org/wiki/Q2186209"],"afbeelding":"https://muurschilderingendatabase.nl/files/medium/46c6fdbb8104700277412f5d77f001ea81cf37f7.jpg"}},{"type":"Feature","geometry":{"type":"Point","coordinates":[4.87986,52.3579]},"properties":{"id":"15350","naam":"Stedelijk Museum, Amsterdam","plaats":"Amsterdam","identifier":"RM505840","rijksmonumentnummer":"505840","monumentenregister_url":"https://monumentenregister.cultureelerfgoed.nl/monumenten/505840","huidige_functie":"museum","geometrie_bron":"muurschilderingendatabase","same_as":["https://monumentenregister.cultureelerfgoed.nl/monumenten/505840","https://www.wikidata.org/wiki/Q42175133"],"afbeelding":"https://muurschilderingendatabase.nl/files/medium/7204add39840f465a65db618f5e8a3c58b2169ca.jpg"}},{"type":"Feature","geometry":{"type":"Point","coordinates":[4.484903,51.92145]},"properties":{"id":"15354","naam":"Grote kerk, Rotterdam","plaats":"Rotterdam","identifier":"RM32783","rijksmonumentnummer":"32783","monumentenregister_url":"https://monumentenregister.cultureelerfgoed.nl/monumenten/32783","huidige_functie":"kerk","geometrie_bron":"muurschilderingendatabase","same_as":["https://monumentenregister.cultureelerfgoed.nl/monumenten/32783","https://reliwiki.nl/index.php/Rotterdam,_Grotekerkplein_15_-_Grote_of_St._Laurenskerk","https://www.wikidata.org/wiki/Q922407"],"afbeelding":"https://muurschilderingendatabase.nl/files/medium/8edac09e1f7298afe4d18c1bf15fd987adae3971.jpg"}},{"type":"Feature","geometry":{"type":"Point","coordinates":[4.771013,51.97171]},"properties":{"id":"15369","naam":"Hervormde kerk, Stolwijk","plaats":"Stolwijk","identifier":"RM34911","rijksmonumentnummer":"34911","monumentenregister_url":"https://monumentenregister.cultureelerfgoed.nl/monumenten/34911","huidige_functie":"kerk","geometrie_bron":"muurschilderingendatabase","same_as":["https://monumentenregister.cultureelerfgoed.nl/monumenten/34911","https://reliwiki.nl/index.php/Stolwijk,_Achter_de_Kerk_3_-_Hervormde_Kerk","https://www.wikidata.org/wiki/Q17442688"],"afbeelding":"https://muurschilderingendatabase.nl/files/medium/ac4698131ba0341747bd0a5b80a70fb56f95a9c3.jpg"}},{"type":"Feature","geometry":{"type":"Point","coordinates":[5.15969,51.98582]},"properties":{"id":"15409","naam":"WKU, Tull en Het Waal","plaats":"Tull en Het Waal","identifier":"RM531611","rijksmonumentnummer":"531611","monumentenregister_url":"https://monumentenregister.cultureelerfgoed.nl/monumenten/531611","huidige_functie":"Zaalverhuur, theehuis, kamperen","geometrie_bron":"muurschilderingendatabase","same_as":["https://monumentenregister.cultureelerfgoed.nl/complexen/531611","https://www.hollandsewaterlinies.nl/nl/locaties/1768101828/werk-aan-de-korte-uitweg","https://www.wikidata.org/wiki/Q2093165"],"afbeelding":"https://muurschilderingendatabase.nl/files/medium/9ad53fce2e9218e4ee45de63c4c369a71ae37b8c.jpg"}},{"type":"Feature","geometry":{"type":"Point","coordinates":[5.161606,51.97701]},"properties":{"id":"15413","naam":"Fort Lunet aan de Snel, Schalkwijk","plaats":"Schalkwijk","identifier":"RM531619","rijksmonumentnummer":"531619","monumentenregister_url":"https://monumentenregister.cultureelerfgoed.nl/monumenten/531619","huidige_functie":"Zaalverhuur, educatie","geometrie_bron":"muurschilderingendatabase","same_as":["https://monumentenregister.cultureelerfgoed.nl/complexen/531619","https://www.hollandsewaterlinies.nl/nl/locaties/4191947349/lunet-aan-de-snel","https://www.wikidata.org/wiki/Q18776040"],"afbeelding":"https://muurschilderingendatabase.nl/files/medium/c99b346957134e09f40eb28297ba03824557f8b8.jpg"}},{"type":"Feature","geometry":{"type":"Point","coordinates":[5.021402,51.81641]},"properties":{"id":"15416","naam":"Slot Loevestein, Poederoijen","plaats":"Poederoijen","identifier":"RM10081","rijksmonumentnummer":"10081","monumentenregister_url":"https://monumentenregister.cultureelerfgoed.nl/monumenten/10081","huidige_functie":"museum, vergaderzaal, horeca","geometrie_bron":"muurschilderingendatabase","same_as":["https://cchin.nl/kastelenlexicon/lexobject.xql?id=lx0080","https://monumentenregister.cultureelerfgoed.nl/monumenten/10081","https://www.wikidata.org/wiki/Q2177577"],"afbeelding":"https://muurschilderingendatabase.nl/files/medium/0d48411f117ac740505c711684be13d1f360482a.jpg"}},{"type":"Feature","geometry":{"type":"Point","coordinates":[5.525984,53.06477]},"properties":{"id":"10153","naam":"De Grote of Sint-Maartenskerk Bolsward","plaats":"Boalsert","identifier":"RM9812","rijksmonumentnummer":"9812","monumentenregister_url":"https://monumentenregister.cultureelerfgoed.nl/monumenten/9812","huidige_functie":"kerk","geometrie_bron":"muurschilderingendatabase","same_as":["http://www.wikidata.org/entity/Q2179346","https://monumentenregister.cultureelerfgoed.nl/monumenten/9812"],"afbeelding":null}},{"type":"Feature","geometry":{"type":"Point","coordinates":[6.11014,53.26462]},"properties":{"id":"10413","naam":"Fogelsangh State te Veenklooster","plaats":"Veenklooster","identifier":"RM408906","rijksmonumentnummer":"408906","monumentenregister_url":"https://monumentenregister.cultureelerfgoed.nl/monumenten/408906","huidige_functie":"een opengesteld particulier buitenhuis","geometrie_bron":"muurschilderingendatabase","same_as":["https://monumentenregister.cultureelerfgoed.nl/monumenten/408908"],"afbeelding":null}},{"type":"Feature","geometry":{"type":"Point","coordinates":[5.913594,53.32632]},"properties":{"id":"10424","naam":"Petruskerk te Lichtaard","plaats":"Lichtaard","identifier":"RM15633","rijksmonumentnummer":"15633","monumentenregister_url":"https://monumentenregister.cultureelerfgoed.nl/monumenten/15633","huidige_functie":"buiten gebruik","geometrie_bron":"muurschilderingendatabase","same_as":["http://www.wikidata.org/entity/Q2261602","https://monumentenregister.cultureelerfgoed.nl/monumenten/15633","https://reliwiki.nl/index.php?title=Lichtaard,_Noardermieddyk_3_-_Petruskerk&oldid=531520"],"afbeelding":null}},{"type":"Feature","geometry":{"type":"Point","coordinates":[4.773057,51.59005]},"properties":{"id":"12007","naam":"Kasteel van Breda","plaats":"Breda","identifier":"RM10235","rijksmonumentnummer":"10235","monumentenregister_url":"https://monumentenregister.cultureelerfgoed.nl/monumenten/10235","huidige_functie":"Koninklijke Militaire Academie","geometrie_bron":"muurschilderingendatabase","same_as":["http://www.wikidata.org/entity/Q1918354","https://monumentenregister.cultureelerfgoed.nl/monumenten/10235"],"afbeelding":"https://muurschilderingendatabase.nl/files/medium/d52153605394f538bbd4624bad589b39b1520361.jpg"}},{"type":"Feature","geometry":{"type":"Point","coordinates":[4.345195,51.90578]},"properties":{"id":"12124","naam":"Museum Vlaardingen","plaats":"Vlaardingen","identifier":"RM37430","rijksmonumentnummer":"37430","monumentenregister_url":"https://monumentenregister.cultureelerfgoed.nl/monumenten/37430","huidige_functie":"museum","geometrie_bron":"muurschilderingendatabase","same_as":["http://www.wikidata.org/entity/Q3192854","https://nl.wikipedia.org/wiki/Museum_Vlaardingen"],"afbeelding":null}},{"type":"Feature","geometry":{"type":"Point","coordinates":[4.473187,51.92175]},"properties":{"id":"13220","naam":"De Doelen","plaats":"Rotterdam","identifier":"RM532212","rijksmonumentnummer":"532212","monumentenregister_url":"https://monumentenregister.cultureelerfgoed.nl/monumenten/532212","huidige_functie":"concertgebouw","geometrie_bron":"muurschilderingendatabase","same_as":["http://www.wikidata.org/entity/Q2237396","https://monumentenregister.cultureelerfgoed.nl/monumenten/532212"],"afbeelding":null}},{"type":"Feature","geometry":{"type":"Point","coordinates":[5.729688,50.81221]},"properties":{"id":"14118","naam":"Martinus, Gronsveld","plaats":"Gronsveld","identifier":"RM34698","rijksmonumentnummer":"34698","monumentenregister_url":"https://monumentenregister.cultureelerfgoed.nl/monumenten/34698","huidige_functie":"kerk","geometrie_bron":"muurschilderingendatabase","same_as":["https://monumentenregister.cultureelerfgoed.nl/monumenten/34698","https://reliwiki.nl/index.php/Gronsveld,_Kerkplein_6_-_Martinus","https://www.kerkgebouwen-in-limburg.nl/kerken/gronsveld/martinus","https://www.wikidata.org/wiki/Q1856005"],"afbeelding":"https://muurschilderingendatabase.nl/files/medium/5dee00aaf5f826963a5e5ab76bea6f4d32fa2e22.jpg"}},{"type":"Feature","geometry":{"type":"Point","coordinates":[5.770509,50.78567]},"properties":{"id":"14122","naam":"Hoeve Libeek","plaats":"Sint Geertruid","identifier":"RM34735","rijksmonumentnummer":"34735","monumentenregister_url":"https://monumentenregister.cultureelerfgoed.nl/monumenten/34735","huidige_functie":"boerderij","geometrie_bron":"muurschilderingendatabase","same_as":["https://nl.wikipedia.org/wiki/Hoeve_Libeek","https://www.wikidata.org/wiki/Q17442427"],"afbeelding":null}},{"type":"Feature","geometry":{"type":"Point","coordinates":[4.87012,52.02233]},"properties":{"id":"15333","naam":"Grote kerk, Oudewater","plaats":"Oudewater","identifier":"RM32067","rijksmonumentnummer":"32067","monumentenregister_url":"https://monumentenregister.cultureelerfgoed.nl/monumenten/32067","huidige_functie":"kerk","geometrie_bron":"muurschilderingendatabase","same_as":["https://monumentenregister.cultureelerfgoed.nl/monumenten/32067","https://reliwiki.nl/index.php/Oudewater,_Noorder_Kerkstraat_1_-_Grote_of_Sint_Micha%C3%ABlskerk","https://www.wikidata.org/wiki/Q2847882"],"afbeelding":"https://muurschilderingendatabase.nl/files/medium/60a0cb1e0daaa71784dc5043824efbcc5ebffa90.jpg"}},{"type":"Feature","geometry":{"type":"Point","coordinates":[6.581144,51.92679]},"properties":{"id":"6547","naam":"Oude St. Helenakerk","plaats":"Aalten","identifier":"RM6847","rijksmonumentnummer":"6847","monumentenregister_url":"https://monumentenregister.cultureelerfgoed.nl/monumenten/6847","huidige_functie":"Kerk / Hervormde Kerk","geometrie_bron":"muurschilderingendatabase","same_as":["http://www.wikidata.org/entity/Q2179811","https://monumentenregister.cultureelerfgoed.nl/monumenten/6847"],"afbeelding":null}},{"type":"Feature","geometry":{"type":"Point","coordinates":[6.857344,53.31977]},"properties":{"id":"6548","naam":"Nicolaïkerk","plaats":"Appingedam","identifier":"RM8247","rijksmonumentnummer":"8247","monumentenregister_url":"https://monumentenregister.cultureelerfgoed.nl/monumenten/8247","huidige_functie":"Kerk / Protestantse Kerk","geometrie_bron":"muurschilderingendatabase","same_as":["http://www.wikidata.org/entity/Q2618966","https://monumentenregister.cultureelerfgoed.nl/monumenten/8247","https://www.nicolaikerk-appingedam.nl/","https://www.reliwiki.nl/index.php?title=Appingedam,_Wijkstraat_32_-_Nicola%C3%AFkerk"],"afbeelding":null}},{"type":"Feature","geometry":{"type":"Point","coordinates":[5.91,51.97889]},"properties":{"id":"6549","naam":"Grote of Eusebiuskerk","plaats":"Arnhem","identifier":"RM8336","rijksmonumentnummer":"8336","monumentenregister_url":"https://monumentenregister.cultureelerfgoed.nl/monumenten/8336","huidige_functie":"Kerk / Hervormde Kerk","geometrie_bron":"muurschilderingendatabase","same_as":["http://www.wikidata.org/entity/Q1378652","https://monumentenregister.cultureelerfgoed.nl/monumenten/8336"],"afbeelding":null}},{"type":"Feature","geometry":{"type":"Point","coordinates":[6.513531,53.36279]},"properties":{"id":"6550","naam":"Laurentiuskerk","plaats":"Baflo","identifier":"RM8578","rijksmonumentnummer":"8578","monumentenregister_url":"https://monumentenregister.cultureelerfgoed.nl/monumenten/8578","huidige_functie":"Kerk / Hervormde kerk","geometrie_bron":"muurschilderingendatabase","same_as":["http://www.wikidata.org/entity/Q11721373","https://monumentenregister.cultureelerfgoed.nl/monumenten/8578","https://www.groningerkerken.nl/nl/kennisbank/kerken/B/107/baflo-kerk","https://www.reliwiki.nl/index.php?title=Baflo,_Kostersgang_8_-_Laurentiuskerk"],"afbeelding":null}},{"type":"Feature","geometry":{"type":"Point","coordinates":[6.510297,53.38522]},"properties":{"id":"6551","naam":"kerk van Den Andel","plaats":"Den Andel","identifier":"RM8582","rijksmonumentnummer":"8582","monumentenregister_url":"https://monumentenregister.cultureelerfgoed.nl/monumenten/8582","huidige_functie":"Kerk / Protestantse Kerk","geometrie_bron":"muurschilderingendatabase","same_as":["http://www.wikidata.org/entity/Q2757847","https://monumentenregister.cultureelerfgoed.nl/monumenten/8582","https://www.groningerkerken.nl/nl/kennisbank/kerken/D/4/den-andel-kerk-den-andel","https://www.reliwiki.nl/index.php?title=Den_Andel,_De_Streekweg_91_-_Kerk_Den_Andel"],"afbeelding":null}},{"type":"Feature","geometry":{"type":"Point","coordinates":[6.534472,53.35657]},"properties":{"id":"6552","naam":"Onze Lieve Vrouwe Kerk","plaats":"Tinallinge","identifier":"RM8589","rijksmonumentnummer":"8589","monumentenregister_url":"https://monumentenregister.cultureelerfgoed.nl/monumenten/8589","huidige_functie":"Kerk / Hervormde kerk","geometrie_bron":"muurschilderingendatabase","same_as":["http://www.wikidata.org/entity/Q2646252","https://monumentenregister.cultureelerfgoed.nl/monumenten/8589","https://www.groningerkerken.nl/nl/kennisbank/kerken/T/69/tinallinge-onze-lieve-vrouwe-kerk","https://www.reliwiki.nl/index.php?title=Tinallinge,_Kerkpad_6_-_Onze_Lieve_Vrouwe_Kerk"],"afbeelding":null}},{"type":"Feature","geometry":{"type":"Point","coordinates":[6.859358,53.38088]},"properties":{"id":"6553","naam":"Sebastiaanskerk","plaats":"Bierum","identifier":"RM9465","rijksmonumentnummer":"9465","monumentenregister_url":"https://monumentenregister.cultureelerfgoed.nl/monumenten/9465","huidige_functie":"Kerk / Protestantse Kerk","geometrie_bron":"muurschilderingendatabase","same_as":["http://www.wikidata.org/entity/Q2004595","https://monumentenregister.cultureelerfgoed.nl/monumenten/9465","https://www.groningerkerken.nl/nl/kennisbank/kerken/B/99/bierum-sebastiaankerk","https://www.reliwiki.nl/index.php?title=Bierum,_Kerkstraat_2_-_Sebastiaankerk"],"afbeelding":"https://muurschilderingendatabase.nl/files/medium/eeaafa0872da968fcaae212d4874bf6e0756eddf.jpg"}},{"type":"Feature","geometry":{"type":"Point","coordinates":[6.81448,53.37248]},"properties":{"id":"6554","naam":"Pancratiuskerk","plaats":"Godlinze","identifier":"RM9469","rijksmonumentnummer":"9469","monumentenregister_url":"https://monumentenregister.cultureelerfgoed.nl/monumenten/9469","huidige_functie":"Cultureel en maatschappelijk","geometrie_bron":"muurschilderingendatabase","same_as":["http://www.wikidata.org/entity/Q2235525","https://monumentenregister.cultureelerfgoed.nl/monumenten/9469","https://www.groningerkerken.nl/nl/kennisbank/kerken/G/12/godlinze-kerk-godlinze","https://www.reliwiki.nl/index.php?title=Godlinze,_Hoofdweg_36_-_Pancratiuskerk"],"afbeelding":null}},{"type":"Feature","geometry":{"type":"Point","coordinates":[6.870725,53.35761]},"properties":{"id":"6555","naam":"Stefanuskerk","plaats":"Holwierde","identifier":"RM9474","rijksmonumentnummer":"9474","monumentenregister_url":"https://monumentenregister.cultureelerfgoed.nl/monumenten/9474","huidige_functie":"Cultureel en maatschappelijk","geometrie_bron":"muurschilderingendatabase","same_as":["http://www.wikidata.org/entity/Q2286598","https://monumentenregister.cultureelerfgoed.nl/monumenten/9474","https://nl.wikipedia.org/wiki/Kerk_van_Holwierde","https://www.delpher.nl/nl/kranten/view?coll=ddd&identifier=ddd:010761958:mpeg21:a0045","https://www.groningerkerken.nl/nl/kennisbank/kerken/H/97/holwierde-stefanuskerk","https://www.reliwiki.nl/index.php?title=Holwierde,_Kerkpad_1_-_Stefanuskerk"],"afbeelding":"https://muurschilderingendatabase.nl/files/medium/981adddc09157b6de0fdbc6a304f83606cb105c7.jpg"}},{"type":"Feature","geometry":{"type":"Point","coordinates":[6.84815,53.35481]},"properties":{"id":"6556","naam":"Mariakerk, Krewerd","plaats":"Krewerd","identifier":"RM9479","rijksmonumentnummer":"9479","monumentenregister_url":"https://monumentenregister.cultureelerfgoed.nl/monumenten/9479","huidige_functie":"cultureel gebruik","geometrie_bron":"muurschilderingendatabase","same_as":["http://www.wikidata.org/entity/Q1829857","https://monumentenregister.cultureelerfgoed.nl/monumenten/9479","https://www.groningerkerken.nl/nl/kennisbank/kerken/K/16/krewerd-kerk-krewerd","https://www.reliwiki.nl/index.php?title=Krewerd,_Kerkpad_8_-_Mariakerk"],"afbeelding":"https://muurschilderingendatabase.nl/files/medium/f1e3f156db90cafaab15bf508bde3643e6970d76.jpg"}},{"type":"Feature","geometry":{"type":"Point","coordinates":[6.647356,53.24805]},"properties":{"id":"6557","naam":"kerk van Garmerwolde","plaats":"Garmerwolde","identifier":"RM9780","rijksmonumentnummer":"9780","monumentenregister_url":"https://monumentenregister.cultureelerfgoed.nl/monumenten/9780","huidige_functie":"Cultureel en maatschappelijk","geometrie_bron":"muurschilderingendatabase","same_as":["http://www.wikidata.org/entity/Q2240521","https://monumentenregister.cultureelerfgoed.nl/monumenten/9780","https://www.groningerkerken.nl/nl/kennisbank/kerken/G/10/garmerwolde-kerk-garmerwolde","https://www.reliwiki.nl/index.php?title=Garmerwolde,_Dorpsweg_69_-_Kerk_van_Garmerwolde"],"afbeelding":"https://muurschilderingendatabase.nl/files/medium/abefd5576f73dea90fbc5e1dd376f8854ded8251.jpg"}},{"type":"Feature","geometry":{"type":"Point","coordinates":[6.64984,53.26788]},"properties":{"id":"6558","naam":"Kloosterkerk","plaats":"Thesinge","identifier":"RM9795","rijksmonumentnummer":"9795","monumentenregister_url":"https://monumentenregister.cultureelerfgoed.nl/monumenten/9795","huidige_functie":"Kerk / Hervormde kerk","geometrie_bron":"muurschilderingendatabase","same_as":["http://www.wikidata.org/entity/Q2596275","https://monumentenregister.cultureelerfgoed.nl/monumenten/9795","https://www.groningerkerken.nl/nl/kennisbank/kerken/T/38/thesinge-kloosterkerk","https://www.reliwiki.nl/index.php?title=Thesinge,_Kapelstraat_2_-_Kloosterkerk"],"afbeelding":null}},{"type":"Feature","geometry":{"type":"Point","coordinates":[5.49929,51.90899]},"properties":{"id":"6559","naam":"Ned. Herv. Kerk","plaats":"Echteld","identifier":"RM14267","rijksmonumentnummer":"14267","monumentenregister_url":"https://monumentenregister.cultureelerfgoed.nl/monumenten/14267","huidige_functie":"Kerk / Hervormde Kerk","geometrie_bron":"muurschilderingendatabase","same_as":["http://www.wikidata.org/entity/Q17365929","https://monumentenregister.cultureelerfgoed.nl/monumenten/14267","https://reliwiki.nl/index.php?title=Echteld,_Ooisestraat_1_-_Hervormde_Kerk&oldid=525440"],"afbeelding":null}},{"type":"Feature","geometry":{"type":"Point","coordinates":[6.460572,53.36486]},"properties":{"id":"6560","naam":"Larentiuskerk","plaats":"Eenrum","identifier":"RM14548","rijksmonumentnummer":"14548","monumentenregister_url":"https://monumentenregister.cultureelerfgoed.nl/monumenten/14548","huidige_functie":"Cultureel en maatschappelijk","geometrie_bron":"muurschilderingendatabase","same_as":["http://www.wikidata.org/entity/Q1951493","https://monumentenregister.cultureelerfgoed.nl/monumenten/14548","https://www.groningerkerken.nl/nl/kennisbank/kerken/E/6/eenrum-kerk-eenrum","https://www.reliwiki.nl/index.php?title=Eenrum,_Kerkpad_1_-_Laurentiuskerk"],"afbeelding":null}},{"type":"Feature","geometry":{"type":"Point","coordinates":[6.439356,53.31114]},"properties":{"id":"6561","naam":"kerk van Ezinge","plaats":"Ezinge","identifier":"RM15547","rijksmonumentnummer":"15547","monumentenregister_url":"https://monumentenregister.cultureelerfgoed.nl/monumenten/15547","huidige_functie":"Kerk / Protestantse Kerk","geometrie_bron":"muurschilderingendatabase","same_as":["http://www.wikidata.org/entity/Q1809131","https://monumentenregister.cultureelerfgoed.nl/monumenten/15547","https://www.reliwiki.nl/index.php?title=Ezinge,_Torenstraat_48_-_Protestantse_Kerk"],"afbeelding":null}},{"type":"Feature","geometry":{"type":"Point","coordinates":[6.497819,53.28027]},"properties":{"id":"6562","naam":"Kerkje van Oostum","plaats":"Garnwerd","identifier":"RM15575","rijksmonumentnummer":"15575","monumentenregister_url":"https://monumentenregister.cultureelerfgoed.nl/monumenten/15575","huidige_functie":"Cultureel centrum","geometrie_bron":"muurschilderingendatabase","same_as":["http://www.wikidata.org/entity/Q2511734","https://monumentenregister.cultureelerfgoed.nl/monumenten/15575","https://www.reliwiki.nl/index.php?title=Garnwerd,_Oostumerweg_15_-_Kerkje_van_Oostum"],"afbeelding":null}},{"type":"Feature","geometry":{"type":"Point","coordinates":[5.29458,51.89009]},"properties":{"id":"6563","naam":"Protestantse Kerk","plaats":"Geldermalsen","identifier":"RM16492","rijksmonumentnummer":"16492","monumentenregister_url":"https://monumentenregister.cultureelerfgoed.nl/monumenten/16492","huidige_functie":"Kerk / Hervormde Kerk","geometrie_bron":"muurschilderingendatabase","same_as":["http://www.wikidata.org/entity/Q17374071","https://monumentenregister.cultureelerfgoed.nl/monumenten/16492"],"afbeelding":null}},{"type":"Feature","geometry":{"type":"Point","coordinates":[6.302342,52.15729]},"properties":{"id":"6564","naam":"Hervormde Kerk","plaats":"Almen","identifier":"RM16710","rijksmonumentnummer":"16710","monumentenregister_url":"https://monumentenregister.cultureelerfgoed.nl/monumenten/16710","huidige_functie":"Kerk / Hervormde Kerk","geometrie_bron":"muurschilderingendatabase","same_as":["http://www.wikidata.org/entity/Q16689758","https://monumentenregister.cultureelerfgoed.nl/monumenten/16710"],"afbeelding":null}},{"type":"Feature","geometry":{"type":"Point","coordinates":[6.617986,52.04234]},"properties":{"id":"6565","naam":"Oude Callixtuskerk","plaats":"Groenlo","identifier":"RM18164","rijksmonumentnummer":"18164","monumentenregister_url":"https://monumentenregister.cultureelerfgoed.nl/monumenten/18164","huidige_functie":"Kerk / Hervormde Kerk","geometrie_bron":"muurschilderingendatabase","same_as":["http://www.wikidata.org/entity/Q1311621","https://monumentenregister.cultureelerfgoed.nl/monumenten/18164"],"afbeelding":null}},{"type":"Feature","geometry":{"type":"Point","coordinates":[6.562272,53.2165]},"properties":{"id":"6566","naam":"Der Aa-kerk","plaats":"Groningen","identifier":"RM18423","rijksmonumentnummer":"18423","monumentenregister_url":"https://monumentenregister.cultureelerfgoed.nl/monumenten/18423","huidige_functie":"Cultureel en maatschappelijk","geometrie_bron":"muurschilderingendatabase","same_as":["http://www.wikidata.org/entity/Q2255378","https://monumentenregister.cultureelerfgoed.nl/monumenten/18423","https://www.groningerkerken.nl/nl/kennisbank/kerken/G/53/groningen-akerk","https://www.reliwiki.nl/index.php?title=Groningen,_A-Kerkhof_2_-_Der_Aa-Kerk"],"afbeelding":null}},{"type":"Feature","geometry":{"type":"Point","coordinates":[6.5688,53.21951]},"properties":{"id":"6567","naam":"Martinikerk","plaats":"Groningen","identifier":"RM18555","rijksmonumentnummer":"18555","monumentenregister_url":"https://monumentenregister.cultureelerfgoed.nl/monumenten/18555","huidige_functie":"Religieus","geometrie_bron":"muurschilderingendatabase","same_as":["http://www.wikidata.org/entity/Q1905634","https://monumentenregister.cultureelerfgoed.nl/monumenten/18555","https://www.reliwiki.nl/index.php?title=Groningen,_Martinikerkhof_3_-_Martinikerk"],"afbeelding":null}},{"type":"Feature","geometry":{"type":"Point","coordinates":[6.500975,53.21643]},"properties":{"id":"6568","naam":"De Olle Kerk","plaats":"Hoogkerk","identifier":"RM18750","rijksmonumentnummer":"18750","monumentenregister_url":"https://monumentenregister.cultureelerfgoed.nl/monumenten/18750","huidige_functie":"Kerk / Protestantse Kerk","geometrie_bron":"muurschilderingendatabase","same_as":["http://www.wikidata.org/entity/Q2716305","https://monumentenregister.cultureelerfgoed.nl/monumenten/18750","https://www.reliwiki.nl/index.php?title=Hoogkerk,_Hoendiep_210_-_De_Olle_Kerk"],"afbeelding":null}},{"type":"Feature","geometry":{"type":"Point","coordinates":[6.490372,53.22989]},"properties":{"id":"6569","naam":"Kerk Leegkerk","plaats":"Leegkerk","identifier":"RM18755","rijksmonumentnummer":"18755","monumentenregister_url":"https://monumentenregister.cultureelerfgoed.nl/monumenten/18755","huidige_functie":"Diverse gebruikers","geometrie_bron":"muurschilderingendatabase","same_as":["http://www.wikidata.org/entity/Q13742874","https://monumentenregister.cultureelerfgoed.nl/monumenten/18755","https://www.groningerkerken.nl/nl/kennisbank/kerken/L/17/leegkerk-kerk-leegkerk"],"afbeelding":null}},{"type":"Feature","geometry":{"type":"Point","coordinates":[5.616389,52.34889]},"properties":{"id":"6570","naam":"Grote of Onze Lieve Vrouwekerkkerk","plaats":"Harderwijk","identifier":"RM20192","rijksmonumentnummer":"20192","monumentenregister_url":"https://monumentenregister.cultureelerfgoed.nl/monumenten/20192","huidige_functie":"Kerk / Hervormde Kerk","geometrie_bron":"muurschilderingendatabase","same_as":["http://www.wikidata.org/entity/Q2674709","https://monumentenregister.cultureelerfgoed.nl/monumenten/20192"],"afbeelding":null}},{"type":"Feature","geometry":{"type":"Point","coordinates":[6.668667,53.12118]},"properties":{"id":"6571","naam":"Bartholomeuskerk","plaats":"Noordlaren","identifier":"RM20292","rijksmonumentnummer":"20292","monumentenregister_url":"https://monumentenregister.cultureelerfgoed.nl/monumenten/20292","huidige_functie":"Kerk / Protestantse Kerk","geometrie_bron":"muurschilderingendatabase","same_as":["http://www.wikidata.org/entity/Q4863822","https://monumentenregister.cultureelerfgoed.nl/monumenten/20292","https://www.groningerkerken.nl/nl/kennisbank/kerken/N/121/noordlaren-kerk-noordlaren","https://www.reliwiki.nl/index.php?title=Noordlaren,_Lageweg_8_-_Bartholomeuskerk"],"afbeelding":null}},{"type":"Feature","geometry":{"type":"Point","coordinates":[6.673497,53.40721]},"properties":{"id":"6572","naam":"Jacobikerk/Dionysiuskerk","plaats":"Uithuizen","identifier":"RM21303","rijksmonumentnummer":"21303","monumentenregister_url":"https://monumentenregister.cultureelerfgoed.nl/monumenten/21303","huidige_functie":"Kerk / Hervormde kerk","geometrie_bron":"muurschilderingendatabase","same_as":["http://www.wikidata.org/entity/Q2663160","https://monumentenregister.cultureelerfgoed.nl/monumenten/21303","https://www.groningerkerken.nl/nl/kennisbank/kerken/U/76/uithuizen-dionysiuskerk","https://www.reliwiki.nl/index.php?title=Uithuizen,_Hoofdstraat_Oost_2_-_Jacobikerk"],"afbeelding":"https://muurschilderingendatabase.nl/files/medium/238de8484dbbdbd41d7f4738c515051cfc797e26.jpg"}},{"type":"Feature","geometry":{"type":"Point","coordinates":[6.712728,53.39305]},"properties":{"id":"6573","naam":"Nicolaaskerk","plaats":"Oldenzijl","identifier":"RM21321","rijksmonumentnummer":"21321","monumentenregister_url":"https://monumentenregister.cultureelerfgoed.nl/monumenten/21321","huidige_functie":"Kerk / Hervormde kerk","geometrie_bron":"muurschilderingendatabase","same_as":["http://www.wikidata.org/entity/Q2682352","https://monumentenregister.cultureelerfgoed.nl/monumenten/21321","https://www.reliwiki.nl/index.php?title=Oldenzijl,_Oldenzijlsterweg_4_-_Nicolaaskerk"],"afbeelding":null}},{"type":"Feature","geometry":{"type":"Point","coordinates":[6.748978,53.40404]},"properties":{"id":"6574","naam":"Sint-Nicolaaskerk","plaats":"Oosternieland","identifier":"RM21322","rijksmonumentnummer":"21322","monumentenregister_url":"https://monumentenregister.cultureelerfgoed.nl/monumenten/21322","huidige_functie":"Kerk / Hervormde kerk","geometrie_bron":"muurschilderingendatabase","same_as":["http://www.wikidata.org/entity/Q2014725","https://monumentenregister.cultureelerfgoed.nl/monumenten/21322","https://www.groningerkerken.nl/nl/kennisbank/kerken/O/29/oosternieland-sint-nicolaaskerk","https://www.reliwiki.nl/index.php?title=Oosternieland,_Oosternielandsterweg_12_-Sint_Nicolaaskerk"],"afbeelding":null}},{"type":"Feature","geometry":{"type":"Point","coordinates":[6.416017,52.16153]},"properties":{"id":"6575","naam":"Sint Gudulakerk","plaats":"Lochem","identifier":"RM25920","rijksmonumentnummer":"25920","monumentenregister_url":"https://monumentenregister.cultureelerfgoed.nl/monumenten/25920","huidige_functie":"Kerk / Hervormde Kerk","geometrie_bron":"muurschilderingendatabase","same_as":["http://www.wikidata.org/entity/Q16466096","https://monumentenregister.cultureelerfgoed.nl/monumenten/25920"],"afbeelding":null}},{"type":"Feature","geometry":{"type":"Point","coordinates":[6.747622,53.33186]},"properties":{"id":"6576","naam":"Petrus en Pauluskerk","plaats":"Loppersum","identifier":"RM26265","rijksmonumentnummer":"26265","monumentenregister_url":"https://monumentenregister.cultureelerfgoed.nl/monumenten/26265","huidige_functie":"Kerk / Hervormde kerk","geometrie_bron":"muurschilderingendatabase","same_as":["http://www.wikidata.org/entity/Q11720800","https://monumentenregister.cultureelerfgoed.nl/monumenten/26265","https://www.groningerkerken.nl/nl/kennisbank/kerken/L/115/loppersum-kerk-loppersum","https://www.reliwiki.nl/index.php?title=Loppersum,_Kerkpad_1_-_Petrus_en_Pauluskerk"],"afbeelding":"https://muurschilderingendatabase.nl/files/medium/50dc945dfe96ac3416afea24666614d27d023ec4.jpg"}},{"type":"Feature","geometry":{"type":"Point","coordinates":[6.785869,53.32349]},"properties":{"id":"6577","naam":"Kerk van Wirdum","plaats":"Wirdum","identifier":"RM26270","rijksmonumentnummer":"26270","monumentenregister_url":"https://monumentenregister.cultureelerfgoed.nl/monumenten/26270","huidige_functie":"Kerk / Hervormde kerk","geometrie_bron":"muurschilderingendatabase","same_as":["http://www.wikidata.org/entity/Q2947074","https://monumentenregister.cultureelerfgoed.nl/monumenten/26270","https://www.groningerkerken.nl/nl/kennisbank/kerken/W/45/wirdum-kerk","https://www.reliwiki.nl/index.php?title=Wirdum,_Kerkeweg_24_-_Hervormde_Kerk"],"afbeelding":"https://muurschilderingendatabase.nl/files/medium/9772746cfdecaf04b3ccdccfb29b7dc16eb735c9.jpg"}},{"type":"Feature","geometry":{"type":"Point","coordinates":[6.641231,53.34779]},"properties":{"id":"6578","naam":"Hippolytuskerk","plaats":"Middelstum","identifier":"RM29894","rijksmonumentnummer":"29894","monumentenregister_url":"https://monumentenregister.cultureelerfgoed.nl/monumenten/29894","huidige_functie":"Kerk / Hervormde kerk","geometrie_bron":"muurschilderingendatabase","same_as":["http://www.wikidata.org/entity/Q2432099","https://kennis.cultureelerfgoed.nl/index.php/Monumenten/29894","https://monumentenregister.cultureelerfgoed.nl/monumenten/29894","https://www.groningerkerken.nl/nl/kennisbank/kerken/M/91/middelstum-hippolytuskerk","https://www.reliwiki.nl/index.php?title=Middelstum,_Concordiaplein_1_-_Hippolytuskerk"],"afbeelding":"https://muurschilderingendatabase.nl/files/medium/7244a24a386815c414bc31ab03c0cc534e05600a.jpg"}},{"type":"Feature","geometry":{"type":"Point","coordinates":[6.673025,53.34523]},"properties":{"id":"6579","naam":"Johannes de Doperkerk/Janskerk","plaats":"Huizinge","identifier":"RM29897","rijksmonumentnummer":"29897","monumentenregister_url":"https://monumentenregister.cultureelerfgoed.nl/monumenten/29897","huidige_functie":"Kerk / Protestantse Kerk","geometrie_bron":"muurschilderingendatabase","same_as":["http://www.wikidata.org/entity/Q2590319","https://monumentenregister.cultureelerfgoed.nl/monumenten/29897","https://www.reliwiki.nl/index.php?title=Huizinge,_Torenstraat_15_-_Johannes_de_Doperkerk"],"afbeelding":"https://muurschilderingendatabase.nl/files/medium/4b29f4c3529353b9ff5c6a0280450ce998614532.jpg"}},{"type":"Feature","geometry":{"type":"Point","coordinates":[6.644711,53.33412]},"properties":{"id":"6580","naam":"Mariakerk, Westerwijtwerd","plaats":"Westerwijtwerd","identifier":"RM29908","rijksmonumentnummer":"29908","monumentenregister_url":"https://monumentenregister.cultureelerfgoed.nl/monumenten/29908","huidige_functie":"Kerk / Hervormde kerk","geometrie_bron":"muurschilderingendatabase","same_as":["http://www.wikidata.org/entity/Q5099629","https://monumentenregister.cultureelerfgoed.nl/monumenten/29908","https://www.groningerkerken.nl/nl/kennisbank/kerken/W/44/westerwijtwerd-kerk-westerwijtwerd","https://www.reliwiki.nl/index.php?title=Westerwijtwerd,_Pastoriepad_5_-_Mariakerk"],"afbeelding":null}},{"type":"Feature","geometry":{"type":"Point","coordinates":[6.87246,53.20242]},"properties":{"id":"6581","naam":"Kerk van Noordbroek","plaats":"Noordbroek","identifier":"RM31612","rijksmonumentnummer":"31612","monumentenregister_url":"https://monumentenregister.cultureelerfgoed.nl/monumenten/31612","huidige_functie":"Kerk / Protestantse Kerk","geometrie_bron":"muurschilderingendatabase","same_as":["http://www.wikidata.org/entity/Q2476281","https://kennis.cultureelerfgoed.nl/index.php/Monumenten/31612","https://monumentenregister.cultureelerfgoed.nl/monumenten/31612","https://www.groningerkerken.nl/nl/kennisbank/kerken/N/108/noordbroek-kerk-noordbroek","https://www.reliwiki.nl/index.php?title=Noordbroek,_Noordersingel_1_-_Protestantse_Kerk"],"afbeelding":"https://muurschilderingendatabase.nl/files/medium/30f8bc66b1893887b529b2815fa98b235ec082db.jpg"}},{"type":"Feature","geometry":{"type":"Point","coordinates":[6.8607,53.17059]},"properties":{"id":"6582","naam":"Petruskerk","plaats":"Zuidbroek","identifier":"RM31626","rijksmonumentnummer":"31626","monumentenregister_url":"https://monumentenregister.cultureelerfgoed.nl/monumenten/31626","huidige_functie":"Kerk / Protestantse Kerk","geometrie_bron":"muurschilderingendatabase","same_as":["http://www.wikidata.org/entity/Q2752394","https://monumentenregister.cultureelerfgoed.nl/monumenten/31626","https://www.groningerkerken.nl/nl/kennisbank/kerken/Z/125/zuidbroek-kerk-zuidbroek","https://www.reliwiki.nl/index.php?title=Zuidbroek,_Kerkstraat_85_-_Petruskerk"],"afbeelding":null}},{"type":"Feature","geometry":{"type":"Point","coordinates":[6.9717,53.17776]},"properties":{"id":"6583","naam":"Scheemderkerk","plaats":"Scheemda","identifier":"RM33077","rijksmonumentnummer":"33077","monumentenregister_url":"https://monumentenregister.cultureelerfgoed.nl/monumenten/33077","huidige_functie":"Kerk / Hervormde kerk","geometrie_bron":"muurschilderingendatabase","same_as":["http://www.wikidata.org/entity/Q2674785","https://monumentenregister.cultureelerfgoed.nl/monumenten/33077","https://www.groningerkerken.nl/nl/kennisbank/kerken/S/35/scheemda-scheemder-kerk","https://www.reliwiki.nl/index.php?title=Scheemda,_Torenstraat_2_-_Scheemderkerk"],"afbeelding":null}},{"type":"Feature","geometry":{"type":"Point","coordinates":[6.864539,53.2476]},"properties":{"id":"6584","naam":"kerk van Siddeburen","plaats":"Siddeburen","identifier":"RM33822","rijksmonumentnummer":"33822","monumentenregister_url":"https://monumentenregister.cultureelerfgoed.nl/monumenten/33822","huidige_functie":"Kerk / Hervormde kerk","geometrie_bron":"muurschilderingendatabase","same_as":["http://www.wikidata.org/entity/Q2799426","https://monumentenregister.cultureelerfgoed.nl/monumenten/33822","https://www.reliwiki.nl/index.php?title=Siddeburen,_Hoofdweg_124_-_Hervormde_kerk"],"afbeelding":null}},{"type":"Feature","geometry":{"type":"Point","coordinates":[6.693517,53.32212]},"properties":{"id":"6585","naam":"Bartholomeuskerk","plaats":"Stedum","identifier":"RM34504","rijksmonumentnummer":"34504","monumentenregister_url":"https://monumentenregister.cultureelerfgoed.nl/monumenten/34504","huidige_functie":"Kerk / Hervormde kerk","geometrie_bron":"muurschilderingendatabase","same_as":["http://www.wikidata.org/entity/Q11720710","https://monumentenregister.cultureelerfgoed.nl/monumenten/34504","https://www.reliwiki.nl/index.php?title=Stedum,_Hoofdstraat_1_-_Bartholomeuskerk"],"afbeelding":null}},{"type":"Feature","geometry":{"type":"Point","coordinates":[6.71165,53.34362]},"properties":{"id":"6586","naam":"Andreaskerk","plaats":"Westeremden","identifier":"RM34513","rijksmonumentnummer":"34513","monumentenregister_url":"https://monumentenregister.cultureelerfgoed.nl/monumenten/34513","huidige_functie":"Kerk / Hervormde kerk","geometrie_bron":"muurschilderingendatabase","same_as":["http://www.wikidata.org/entity/Q2285053","https://monumentenregister.cultureelerfgoed.nl/monumenten/34513","https://www.groningerkerken.nl/nl/kennisbank/kerken/W/19/westeremden-andreaskerk","https://www.reliwiki.nl/index.php?title=Westeremden,_Abt_Emopad_1_-_Andreaskerk"],"afbeelding":"https://muurschilderingendatabase.nl/files/medium/190db9cb401a6738deaba4b0032a7ced0721846d.jpg"}},{"type":"Feature","geometry":{"type":"Point","coordinates":[7.026864,53.27379]},"properties":{"id":"6587","naam":"Petruskerk","plaats":"Woldendorp","identifier":"RM35008","rijksmonumentnummer":"35008","monumentenregister_url":"https://monumentenregister.cultureelerfgoed.nl/monumenten/35008","huidige_functie":"buiten gebruik","geometrie_bron":"muurschilderingendatabase","same_as":["http://www.wikidata.org/entity/Q1992263","https://monumentenregister.cultureelerfgoed.nl/monumenten/35008","https://www.reliwiki.nl/index.php?title=Woldendorp,_A.E._Gorterweg_11_-_Petruskerk_(13e_-_2010)"],"afbeelding":null}},{"type":"Feature","geometry":{"type":"Point","coordinates":[6.331236,53.35861]},"properties":{"id":"6588","naam":"Catharinakerk","plaats":"Ulrum","identifier":"RM35863","rijksmonumentnummer":"35863","monumentenregister_url":"https://monumentenregister.cultureelerfgoed.nl/monumenten/35863","huidige_functie":"Kerk / Hervormde kerk","geometrie_bron":"muurschilderingendatabase","same_as":["http://www.wikidata.org/entity/Q2618976","https://monumentenregister.cultureelerfgoed.nl/monumenten/35863","https://www.groningerkerken.nl/nl/kennisbank/kerken/U/87/ulrum-kerk","https://www.reliwiki.nl/index.php?title=Ulrum,_Hendrik_de_Cockstraat_5_-_Catharinakerk"],"afbeelding":null}},{"type":"Feature","geometry":{"type":"Point","coordinates":[6.611769,53.40266]},"properties":{"id":"6589","naam":"Petruskerk","plaats":"Usquert","identifier":"RM35910","rijksmonumentnummer":"35910","monumentenregister_url":"https://monumentenregister.cultureelerfgoed.nl/monumenten/35910","huidige_functie":"Kerk / Hervormde kerk","geometrie_bron":"muurschilderingendatabase","same_as":["http://www.wikidata.org/entity/Q2031638","https://monumentenregister.cultureelerfgoed.nl/monumenten/35910","https://www.groningerkerken.nl/nl/kennisbank/kerken/U/40/usquert-kerk","https://www.reliwiki.nl/index.php?title=Usquert,_Kerkstraat_9_-_Petruskerk"],"afbeelding":null}},{"type":"Feature","geometry":{"type":"Point","coordinates":[5.78949,51.91056]},"properties":{"id":"6590","naam":"Protestantse Kerk","plaats":"Valburg","identifier":"RM36722","rijksmonumentnummer":"36722","monumentenregister_url":"https://monumentenregister.cultureelerfgoed.nl/monumenten/36722","huidige_functie":"Kerk / Hervormde Kerk","geometrie_bron":"muurschilderingendatabase","same_as":["http://www.wikidata.org/entity/Q17445129","https://monumentenregister.cultureelerfgoed.nl/monumenten/36722","https://reliwiki.nl/index.php?title=Valburg,_Kerkplein_6_-_Christoffel&oldid=529326"],"afbeelding":null}},{"type":"Feature","geometry":{"type":"Point","coordinates":[7.14836,52.9453]},"properties":{"id":"6591","naam":"Protestantse Kerk","plaats":"Sellingen","identifier":"RM37455","rijksmonumentnummer":"37455","monumentenregister_url":"https://monumentenregister.cultureelerfgoed.nl/monumenten/37455","huidige_functie":"Kerk / Protestantse Kerk","geometrie_bron":"muurschilderingendatabase","same_as":["http://www.wikidata.org/entity/Q2778035","https://monumentenregister.cultureelerfgoed.nl/monumenten/37455","https://www.reliwiki.nl/index.php?title=Sellingen,_Torenstraat_12_-_Protestantse_Kerk"],"afbeelding":null}},{"type":"Feature","geometry":{"type":"Point","coordinates":[6.147678,52.17104]},"properties":{"id":"6592","naam":"Hervormde Kerk","plaats":"Voorst","identifier":"RM38044","rijksmonumentnummer":"38044","monumentenregister_url":"https://monumentenregister.cultureelerfgoed.nl/monumenten/38044","huidige_functie":"Kerk / Hervormde Kerk","geometrie_bron":"muurschilderingendatabase","same_as":["http://www.wikidata.org/entity/Q17446450","https://monumentenregister.cultureelerfgoed.nl/monumenten/38044"],"afbeelding":null}},{"type":"Feature","geometry":{"type":"Point","coordinates":[6.099064,52.28365]},"properties":{"id":"6593","naam":"Protestantse Kerk","plaats":"Terwolde","identifier":"RM38072","rijksmonumentnummer":"38072","monumentenregister_url":"https://monumentenregister.cultureelerfgoed.nl/monumenten/38072","huidige_functie":"Kerk / Hervormde Kerk","geometrie_bron":"muurschilderingendatabase","same_as":["http://www.wikidata.org/entity/Q2739440","https://monumentenregister.cultureelerfgoed.nl/monumenten/38072"],"afbeelding":null}},{"type":"Feature","geometry":{"type":"Point","coordinates":[6.773661,53.36603]},"properties":{"id":"6595","naam":"Mariakerk, 't Zandt","plaats":"'t Zandt","identifier":"RM40295","rijksmonumentnummer":"40295","monumentenregister_url":"https://monumentenregister.cultureelerfgoed.nl/monumenten/40295","huidige_functie":"Kerk / Hervormde kerk","geometrie_bron":"muurschilderingendatabase","same_as":["http://www.wikidata.org/entity/Q2250690","https://monumentenregister.cultureelerfgoed.nl/monumenten/40295","https://www.groningerkerken.nl/downloads/t_zandt_mariakerk_kerkbeschrijving_2021_herz_versie.pdf","https://www.groningerkerken.nl/nl/kennisbank/kerken/Z/101/zandt-t-mariakerk","https://www.reliwiki.nl/index.php?title=Zandt_%27t,_Hoofdstraat_43_-_Mariakerk","https://www.volkskrant.nl/kijkverder/v/2023/in-de-mariakerk-in-noord-groningen-komt-restaurator-voor-vreemde-verrassingen-te-staan~v913064/"],"afbeelding":"https://muurschilderingendatabase.nl/files/medium/d094009c21818b07b033b0838b1cdb6d432a592c.jpg"}},{"type":"Feature","geometry":{"type":"Point","coordinates":[6.77935,53.3397]},"properties":{"id":"6596","naam":"kerk van Eenum","plaats":"Eenum","identifier":"RM40300","rijksmonumentnummer":"40300","monumentenregister_url":"https://monumentenregister.cultureelerfgoed.nl/monumenten/40300","huidige_functie":"Cultureel en maatschappelijk","geometrie_bron":"muurschilderingendatabase","same_as":["http://www.wikidata.org/entity/Q2216328","https://monumentenregister.cultureelerfgoed.nl/monumenten/40300","https://www.groningerkerken.nl/nl/kennisbank/kerken/E/7/eenum-kerk-eenum","https://www.reliwiki.nl/index.php?title=Eenum,_IJzerbaan_14_-_Kerk_Eenum"],"afbeelding":null}},{"type":"Feature","geometry":{"type":"Point","coordinates":[6.796986,53.34598]},"properties":{"id":"6597","naam":"Donatuskerk","plaats":"Leermens","identifier":"RM40301","rijksmonumentnummer":"40301","monumentenregister_url":"https://monumentenregister.cultureelerfgoed.nl/monumenten/40301","huidige_functie":"Kerk / Hervormde kerk","geometrie_bron":"muurschilderingendatabase","same_as":["http://www.wikidata.org/entity/Q11720726","https://monumentenregister.cultureelerfgoed.nl/monumenten/40301","https://www.groningerkerken.nl/nl/kennisbank/kerken/L/103/leermens-kerk-leermens","https://www.reliwiki.nl/index.php?title=Leermens,_Kerkpad_7_-_Donatuskerk"],"afbeelding":null}},{"type":"Feature","geometry":{"type":"Point","coordinates":[4.908417,52.36247]},"properties":{"id":"11600","naam":"GG&GD gebouw, Amsterdam","plaats":"Amsterdam","identifier":"BAG0363200000215683","rijksmonumentnummer":null,"monumentenregister_url":null,"huidige_functie":"GG&GD","geometrie_bron":"muurschilderingendatabase","same_as":["https://amsterdamopdekaart.nl/1850-1940/Nieuwe_Achtergracht/100"],"afbeelding":"https://muurschilderingendatabase.nl/files/medium/ee437a37685fdead58c6da6e1dba7ba885028b36.jpg"}},{"type":"Feature","geometry":{"type":"Point","coordinates":[4.900958,52.37743]},"properties":{"id":"11639","naam":"Metrobuis Centraal Station naar Nieuwmarkt, Amsterdam","plaats":"Amsterdam","identifier":"BAG0363300000005935","rijksmonumentnummer":null,"monumentenregister_url":null,"huidige_functie":"Metrobuis","geometrie_bron":"muurschilderingendatabase","same_as":["https://bagviewer.kadaster.nl/lvbag/bag-viewer/?searchQuery=amsterdam+centraal+metro&objectId=0363300000005935&theme=BRT+Achtergrond&geometry.x=121825.5&geometry.y=487924.5&zoomlevel=14.70567636650724"],"afbeelding":null}},{"type":"Feature","geometry":{"type":"Point","coordinates":[4.57722,52.46533]},"properties":{"id":"11647","naam":"Kustfort bij IJmuiden","plaats":"IJmuiden","identifier":"BAG0453100000032519","rijksmonumentnummer":null,"monumentenregister_url":null,"huidige_functie":"Evenementen","geometrie_bron":"muurschilderingendatabase","same_as":["https://nl.wikipedia.org/wiki/Lijst_van_provinciale_monumenten_in_Noord-Holland","https://www.noord-holland.nl/bestanden/pdf/Cultuur_Erfgoed/Provinciaal%20erfgoedregister%20-%2031%20juli%202025.pdf"],"afbeelding":"https://muurschilderingendatabase.nl/files/medium/f1e36b2ea505fa1bfb73b9dd66f9abe1284d84f5.jpg"}},{"type":"Feature","geometry":{"type":"Point","coordinates":[3.491524,51.32644]},"properties":{"id":"11936","naam":"St Eligius, Oostburg","plaats":"Oostburg","identifier":"BAG1714100000715658","rijksmonumentnummer":null,"monumentenregister_url":null,"huidige_functie":"kerk","geometrie_bron":"muurschilderingendatabase","same_as":["https://reliwiki.nl/index.php/Oostburg,_Sint_Eligiusplein_10_-_Eligius"],"afbeelding":null}},{"type":"Feature","geometry":{"type":"Point","coordinates":[4.699666,51.51487]},"properties":{"id":"12683","naam":"Sint Bavo, Rijsbergen","plaats":"Rijsbergen","identifier":"BAG0879100000002668","rijksmonumentnummer":null,"monumentenregister_url":null,"huidige_functie":"kerk","geometrie_bron":"muurschilderingendatabase","same_as":["https://reliwiki.nl/index.php/Rijsbergen,_Sint_Bavostraat_12_-_Bavo"],"afbeelding":"https://muurschilderingendatabase.nl/files/medium/1b41b2e6e0f49641952b41f332efae97a1de434b.jpg"}},{"type":"Feature","geometry":{"type":"Point","coordinates":[4.735507,52.5019]},"properties":{"id":"13035","naam":"Fort aan den Ham, Uitgeest","plaats":"Uitgeest","identifier":"BAG0450100000002897","rijksmonumentnummer":null,"monumentenregister_url":null,"huidige_functie":"museum","geometrie_bron":"muurschilderingendatabase","same_as":["https://onh.nl/verhaal/fort-aan-den-ham-bescheiden-tussenfort-biedt-veel-om-te-zien","https://stadsherstel.nl/monumenten/fort-aan-den-ham/","https://www.fortaandenham.nl/cms/fort-aan-den-ham/","https://www.hollandsewaterlinies.nl/nl/locaties/3510096238/fort-aan-den-ham","https://www.stelling-amsterdam.nl/forten/ham/"],"afbeelding":"https://muurschilderingendatabase.nl/files/medium/fbd544aeac8ba9b1bb8d571873bef3cec8efaa83.jpg"}},{"type":"Feature","geometry":{"type":"Point","coordinates":[4.837255,52.37094]},"properties":{"id":"13093","naam":"Garage West, Amsterdam","plaats":"Amsterdam","identifier":"BAG0363100012133666","rijksmonumentnummer":null,"monumentenregister_url":null,"huidige_functie":"Garage Remise GVB","geometrie_bron":"muurschilderingendatabase","same_as":["https://nl.wikipedia.org/wiki/Garage_West"],"afbeelding":"https://muurschilderingendatabase.nl/files/medium/3f0d14583d5b21a8536fd520976fc2ffc0359c58.jpg"}},{"type":"Feature","geometry":{"type":"Point","coordinates":[5.816858,50.78767]},"properties":{"id":"13752","naam":"Mariakapel, Terhorst","plaats":"Terhorst","identifier":"BAG0936100000003697","rijksmonumentnummer":null,"monumentenregister_url":null,"huidige_functie":"wegkapel","geometrie_bron":"muurschilderingendatabase","same_as":["https://reliwiki.nl/index.php?title=Banholt%2C_Terhorst_11_-_Mariakapel","https://www.kerkgebouwen-in-limburg.nl/index.jsp?id=30207"],"afbeelding":"https://muurschilderingendatabase.nl/files/medium/959a143b674a7e72e4466f0e51f132f1bd48b241.jpg"}},{"type":"Feature","geometry":{"type":"Point","coordinates":[5.870426,50.95594]},"properties":{"id":"13761","naam":"Sint Petrus Canisius, Puth","plaats":"Puth","identifier":"BAG0962100000207639","rijksmonumentnummer":null,"monumentenregister_url":null,"huidige_functie":"buiten gebruik","geometrie_bron":"muurschilderingendatabase","same_as":["https://nl.wikipedia.org/w/index.php?title=Sint-Petrus_Canisiuskerk_(Puth)","https://reliwiki.nl/index.php/Puth,_Kerkweg_72_-_Petrus_Canisius_(1932_-_2022)"],"afbeelding":null}},{"type":"Feature","geometry":{"type":"Point","coordinates":[6.037671,51.43729]},"properties":{"id":"13772","naam":"Sint Hubertus, Hegelsom","plaats":"Hegelsom","identifier":"BAG1507100000018149","rijksmonumentnummer":null,"monumentenregister_url":null,"huidige_functie":"kerk","geometrie_bron":"muurschilderingendatabase","same_as":["https://reliwiki.nl/index.php/Hegelsom,_Pastoor_Debijestraat_2_-_Hubertus"],"afbeelding":null}},{"type":"Feature","geometry":{"type":"Point","coordinates":[5.833231,50.9715]},"properties":{"id":"13777","naam":"Heilig Hart van Jezus, Geleen","plaats":"Geleen","identifier":"BAG1883100000046633","rijksmonumentnummer":null,"monumentenregister_url":null,"huidige_functie":"onduidelijk","geometrie_bron":"muurschilderingendatabase","same_as":["https://www.kerkgebouwen-in-limburg.nl/kerken/geleen/h-hart-van-jezus-voormalige-paterskerk"],"afbeelding":null}},{"type":"Feature","geometry":{"type":"Point","coordinates":[6.026234,50.85595]},"properties":{"id":"14318","naam":"Martinus, Spekholzerheide","plaats":"Kerkrade (Spekholzerheide)","identifier":"BAG0928100000126732","rijksmonumentnummer":null,"monumentenregister_url":null,"huidige_functie":"kerk","geometrie_bron":"muurschilderingendatabase","same_as":["https://reliwiki.nl/index.php/Kerkrade_(Spekholzerheide),_Kerkstraat_10_-_Martinus","https://www.kerkgebouwen-in-limburg.nl/kerken/spekholzerheide/martinus","https://www.wikidata.org/wiki/Q14346026"],"afbeelding":null}},{"type":"Feature","geometry":{"type":"Point","coordinates":[4.780585,52.3358]},"properties":{"id":"14693","naam":"H.H. Engelbewaarderskerk, Badhoevedorp","plaats":"Badhoevedorp","identifier":"BAG0394100000209852","rijksmonumentnummer":null,"monumentenregister_url":null,"huidige_functie":"kerk","geometrie_bron":"muurschilderingendatabase","same_as":["https://reliwiki.nl/index.php/Badhoevedorp,_Adelaarstraat_15_-_H.H._Engelbewaarders","https://www.wikidata.org/wiki/Q124732190"],"afbeelding":"https://muurschilderingendatabase.nl/files/medium/f7a4290d37be5123d59b82361aea4b8a07d61157.jpg"}},{"type":"Feature","geometry":{"type":"Point","coordinates":[4.621325,52.3433]},"properties":{"id":"14698","naam":"O.L. Vrouwe Hemelvaartkerk, Heemstede","plaats":"Heemstede","identifier":"BAG0397100000012009","rijksmonumentnummer":null,"monumentenregister_url":null,"huidige_functie":"kerk","geometrie_bron":"muurschilderingendatabase","same_as":["https://nl.wikipedia.org/wiki/Onze-Lieve-Vrouw-Hemelvaartkerk_(Heemstede)","https://reliwiki.nl/index.php/Heemstede,_Valkenburgerplein_20_-_O.L._Vrouw_Hemelvaart","https://www.wikidata.org/wiki/Q86343796"],"afbeelding":null}},{"type":"Feature","geometry":{"type":"Point","coordinates":[4.890212,52.62638]},"properties":{"id":"14714","naam":"Bavo, Ursem","plaats":"Ursem","identifier":"BAG1598100000010594","rijksmonumentnummer":null,"monumentenregister_url":null,"huidige_functie":"kerk","geometrie_bron":"muurschilderingendatabase","same_as":["https://nl.wikipedia.org/wiki/Sint-Bavokerk_(Ursem)","https://reliwiki.nl/index.php/Ursem,_Noorddijkerweg_1_-_Bavo","https://www.wikidata.org/wiki/Q56064934"],"afbeelding":"https://muurschilderingendatabase.nl/files/medium/9c4e6c6e7b7a2ae659a07f8133c1b1a34cc56d31.jpg"}},{"type":"Feature","geometry":{"type":"Point","coordinates":[4.776444,51.58318]},"properties":{"id":"14780","naam":"Openbare leeszaal, Breda","plaats":"Breda","identifier":"BAG0758100000004221","rijksmonumentnummer":null,"monumentenregister_url":null,"huidige_functie":"horeca","geometrie_bron":"muurschilderingendatabase","same_as":["https://www.wikidata.org/wiki/Q139838317"],"afbeelding":"https://muurschilderingendatabase.nl/files/medium/b93bcf8019d7becd8df2dd6b562989cd15fe33f6.jpg"}},{"type":"Feature","geometry":{"type":"Point","coordinates":[4.160376,52.00283]},"properties":{"id":"15010","naam":"Oude pastorie, ’s-Gravenzande","plaats":"’s-Gravenzande","identifier":"Q140044229","rijksmonumentnummer":null,"monumentenregister_url":null,"huidige_functie":"gesloopt","geometrie_bron":"muurschilderingendatabase","same_as":["https://www.wikidata.org/wiki/Q140044229"],"afbeelding":"https://muurschilderingendatabase.nl/files/medium/cce60e6dafecf12e45cb1c41b478cc55f19902bc.jpg"}},{"type":"Feature","geometry":{"type":"Point","coordinates":[4.75856503,52.19976894]},"properties":{"id":"15034","naam":"Nicolaas, Nieuwveen","plaats":"Nieuwveen","identifier":"BAG0569100000004063","rijksmonumentnummer":null,"monumentenregister_url":null,"huidige_functie":"kerk","geometrie_bron":"reliwiki_adres_pdok","same_as":["https://reliwiki.nl/index.php/Nieuwveen,_Dorpsstraat_41_-_Nicolaas","https://www.wikidata.org/wiki/Q2190538"],"afbeelding":null}},{"type":"Feature","geometry":{"type":"Point","coordinates":[6.605154,53.3015]},"properties":{"id":"12105","naam":"Sint Walfridusschool","plaats":"Bedum","identifier":"BAG0005100000000025","rijksmonumentnummer":null,"monumentenregister_url":null,"huidige_functie":"school","geometrie_bron":"muurschilderingendatabase","same_as":["http://bag.basisregistraties.overheid.nl/bag/id/pand/0005100000000025"],"afbeelding":null}},{"type":"Feature","geometry":{"type":"Point","coordinates":[4.917723,52.36078]},"properties":{"id":"12106","naam":"Tweede Openluchtschool","plaats":"Amsterdam","identifier":"BAG0363100012236363","rijksmonumentnummer":null,"monumentenregister_url":null,"huidige_functie":"school","geometrie_bron":"muurschilderingendatabase","same_as":["http://www.wikidata.org/entity/Q89812577","https://nl.wikipedia.org/wiki/Mauritskade_56_(Amsterdam)"],"afbeelding":null}},{"type":"Feature","geometry":{"type":"Point","coordinates":[4.893897,52.34275]},"properties":{"id":"12107","naam":"6de Montessorischool Anne Frank","plaats":"Amsterdam","identifier":"BAG0363100012108564","rijksmonumentnummer":null,"monumentenregister_url":null,"huidige_functie":"school","geometrie_bron":"muurschilderingendatabase","same_as":["http://www.wikidata.org/entity/Q19830060","https://nl.wikipedia.org/wiki/6e_Montessorischool_Anne_Frank"],"afbeelding":null}},{"type":"Feature","geometry":{"type":"Point","coordinates":[4.909059,52.36247]},"properties":{"id":"12116","naam":"Centraal bureau GG & GD","plaats":"Amsterdam","identifier":"BAG0363100012253824","rijksmonumentnummer":null,"monumentenregister_url":null,"huidige_functie":"kliniek","geometrie_bron":"muurschilderingendatabase","same_as":["http://bag.basisregistraties.overheid.nl/bag/id/pand/0363100012253824","https://amsterdamopdekaart.nl/1850-1940/Nieuwe_Achtergracht/100"],"afbeelding":null}},{"type":"Feature","geometry":{"type":"Point","coordinates":[4.468238,51.91189]},"properties":{"id":"12121","naam":"Erasmiaans Gymnasium","plaats":"Rotterdam","identifier":"BAG0599100000210267","rijksmonumentnummer":null,"monumentenregister_url":null,"huidige_functie":"school","geometrie_bron":"muurschilderingendatabase","same_as":["http://bag.basisregistraties.overheid.nl/bag/id/pand/0599100000210267"],"afbeelding":null}},{"type":"Feature","geometry":{"type":"Point","coordinates":[5.87514051,51.76710418]},"properties":{"id":"13756","naam":"O.L. Vrouw van Zeven Smarten, Molenhoek","plaats":"Molenhoek","identifier":"BAG0944100000202256","rijksmonumentnummer":null,"monumentenregister_url":null,"huidige_functie":"kerk","geometrie_bron":"reliwiki_adres_pdok","same_as":["https://reliwiki.nl/index.php/Molenhoek,_Stationsstraat_62_-_O.L._Vrouw_van_Zeven_Smarten"],"afbeelding":null}},{"type":"Feature","geometry":{"type":"Point","coordinates":[6.10638,53.26458]},"properties":{"id":"10415","naam":"de Boskpleats te Veenklooster","plaats":"Feankleaster","identifier":"RM408925","rijksmonumentnummer":"408925","monumentenregister_url":"https://monumentenregister.cultureelerfgoed.nl/monumenten/408925","huidige_functie":null,"geometrie_bron":"muurschilderingendatabase","same_as":["http://www.wikidata.org/entity/Q17450237","https://monumentenregister.cultureelerfgoed.nl/monumenten/408925"],"afbeelding":null}},{"type":"Feature","geometry":{"type":"Point","coordinates":[4.68954,52.58308]},"properties":{"id":"10455","naam":"Genadekapel, Heiloo","plaats":"Heiloo","identifier":"RM515993","rijksmonumentnummer":"515993","monumentenregister_url":"https://monumentenregister.cultureelerfgoed.nl/monumenten/515993","huidige_functie":null,"geometrie_bron":"muurschilderingendatabase","same_as":["http://www.wikidata.org/entity/Q17590618"],"afbeelding":null}},{"type":"Feature","geometry":{"type":"Point","coordinates":[5.97168,50.88829]},"properties":{"id":"10464","naam":"Sint-Franciscus van Assisiekerk, Heerlen","plaats":"Heerlen","identifier":"RM512786","rijksmonumentnummer":"512786","monumentenregister_url":"https://monumentenregister.cultureelerfgoed.nl/monumenten/512786","huidige_functie":null,"geometrie_bron":"muurschilderingendatabase","same_as":["http://www.wikidata.org/entity/Q17464113","https://monumentenregister.cultureelerfgoed.nl/monumenten/512786","https://reliwiki.nl/index.php/Heerlen,_Laanderstraat_33_-_Franciscus_van_Assisi%C3%ABkerk_(1923_-_2023)","https://www.kerkgebouwen-in-limburg.nl/kerken/heerlen/franciscus-van-assisi"],"afbeelding":"https://muurschilderingendatabase.nl/files/medium/bc4da5be76c9444759253f91598e768a105f0607.jpg"}},{"type":"Feature","geometry":{"type":"Point","coordinates":[5.883103,51.72899]},"properties":{"id":"10499","naam":"Sint-Martinuskerk, Cuijk","plaats":"Cuijk","identifier":"RM11623","rijksmonumentnummer":"11623","monumentenregister_url":"https://monumentenregister.cultureelerfgoed.nl/monumenten/11623","huidige_functie":null,"geometrie_bron":"muurschilderingendatabase","same_as":["http://www.wikidata.org/entity/Q2246675"],"afbeelding":null}},{"type":"Feature","geometry":{"type":"Point","coordinates":[5.708753,51.54108]},"properties":{"id":"10507","naam":"Sint-Antonius Abtkerk, De Mortel","plaats":"De Mortel","identifier":"RM518089","rijksmonumentnummer":"518089","monumentenregister_url":"https://monumentenregister.cultureelerfgoed.nl/monumenten/518089","huidige_functie":null,"geometrie_bron":"muurschilderingendatabase","same_as":["http://www.wikidata.org/entity/Q17594839","https://monumentenregister.cultureelerfgoed.nl/monumenten/518089","https://reliwiki.nl/index.php/De_Mortel,_Sint_Antoniusstraat_32_-_Antonius_Abt"],"afbeelding":"https://muurschilderingendatabase.nl/files/medium/0913c2d2b108c1a134bfc5f776a668181b3ead7c.jpg"}},{"type":"Feature","geometry":{"type":"Point","coordinates":[5.824461,50.87051]},"properties":{"id":"10510","naam":"Sint-Jozefkerk, Broekhem","plaats":"Broekhem","identifier":"RM507259","rijksmonumentnummer":"507259","monumentenregister_url":"https://monumentenregister.cultureelerfgoed.nl/monumenten/507259","huidige_functie":null,"geometrie_bron":"muurschilderingendatabase","same_as":["http://www.wikidata.org/entity/Q2652870","https://monumentenregister.cultureelerfgoed.nl/monumenten/507259","https://reliwiki.nl/index.php/Valkenburg,_Koningswinkelstraat_1_-_Joseph"],"afbeelding":"https://muurschilderingendatabase.nl/files/medium/c0b3a8fde957545f42d523a82a53a068e21851c7.jpg"}},{"type":"Feature","geometry":{"type":"Point","coordinates":[5.067281,51.54816]},"properties":{"id":"10515","naam":"Dionysius en Antonius van Paduakerk, Tilburg","plaats":"Tilburg","identifier":"RM521072","rijksmonumentnummer":"521072","monumentenregister_url":"https://monumentenregister.cultureelerfgoed.nl/monumenten/521072","huidige_functie":null,"geometrie_bron":"muurschilderingendatabase","same_as":["http://www.wikidata.org/entity/Q2265824"],"afbeelding":null}},{"type":"Feature","geometry":{"type":"Point","coordinates":[5.081222,51.57272]},"properties":{"id":"10540","naam":"Sint Dionysius of Goirkese kerk, Tilburg","plaats":"Tilburg","identifier":"RM521052","rijksmonumentnummer":"521052","monumentenregister_url":"https://monumentenregister.cultureelerfgoed.nl/monumenten/521052","huidige_functie":null,"geometrie_bron":"muurschilderingendatabase","same_as":["http://www.wikidata.org/entity/Q2507403","https://monumentenregister.cultureelerfgoed.nl/monumenten/521052","https://reliwiki.nl/index.php/Tilburg,_Goirkestraat_68_-_Dionysius_(Goirkese_Kerk)"],"afbeelding":"https://muurschilderingendatabase.nl/files/medium/844689ca560363fbfe5b435be88fd0b96b7a1266.jpg"}},{"type":"Feature","geometry":{"type":"Point","coordinates":[5.65612,51.47852]},"properties":{"id":"10554","naam":"Sint-Lambertuskerk, Helmond","plaats":"Helmond","identifier":"RM21448","rijksmonumentnummer":"21448","monumentenregister_url":"https://monumentenregister.cultureelerfgoed.nl/monumenten/21448","huidige_functie":null,"geometrie_bron":"muurschilderingendatabase","same_as":["http://www.wikidata.org/entity/Q17402085","https://monumentenregister.cultureelerfgoed.nl/monumenten/21448","https://reliwiki.nl/index.php/Helmond,_Kerkstraat_54_-_Lambertus"],"afbeelding":"https://muurschilderingendatabase.nl/files/medium/d4e237948d27ed344f641e05a87334640fd61fb1.jpg"}},{"type":"Feature","geometry":{"type":"Point","coordinates":[4.622222,52.37639]},"properties":{"id":"10559","naam":"Kathedrale Basiliek Sint Bavo, Haarlem","plaats":"Haarlem","identifier":"RM19555","rijksmonumentnummer":"19555","monumentenregister_url":"https://monumentenregister.cultureelerfgoed.nl/monumenten/19555","huidige_functie":null,"geometrie_bron":"muurschilderingendatabase","same_as":["http://www.wikidata.org/entity/Q962195"],"afbeelding":"https://muurschilderingendatabase.nl/files/medium/75e7f615f2d696d3d39a5c9c287e88fcc2d6b036.jpg"}},{"type":"Feature","geometry":{"type":"Point","coordinates":[4.899422,52.34877]},"properties":{"id":"12035","naam":"Schoolgebouwencomplex, Amsterdam","plaats":"Nieuwe Pijp","identifier":"RM527796","rijksmonumentnummer":"527796","monumentenregister_url":"https://monumentenregister.cultureelerfgoed.nl/monumenten/527796","huidige_functie":null,"geometrie_bron":"muurschilderingendatabase","same_as":["http://www.wikidata.org/entity/Q11721710"],"afbeelding":null}},{"type":"Feature","geometry":{"type":"Point","coordinates":[4.66831,51.81826]},"properties":{"id":"12041","naam":"Het Zeepaert","plaats":"Dordrecht","identifier":"RM13996","rijksmonumentnummer":"13996","monumentenregister_url":"https://monumentenregister.cultureelerfgoed.nl/monumenten/13996","huidige_functie":null,"geometrie_bron":"muurschilderingendatabase","same_as":["http://www.wikidata.org/entity/Q17341321","https://monumentenregister.cultureelerfgoed.nl/monumenten/13996"],"afbeelding":null}},{"type":"Feature","geometry":{"type":"Point","coordinates":[5.621521,51.53939]},"properties":{"id":"12673","naam":"Pastorie van de H.Leonardusparochie, Beek en Donk","plaats":"Beek en Donk","identifier":"RM520150","rijksmonumentnummer":"520150","monumentenregister_url":"https://monumentenregister.cultureelerfgoed.nl/monumenten/520150","huidige_functie":null,"geometrie_bron":"muurschilderingendatabase","same_as":["http://www.wikidata.org/entity/Q17596599"],"afbeelding":"https://muurschilderingendatabase.nl/files/medium/3b5b26a15301355acf4fbd9f0ca9e3e56aabbc67.jpg"}},{"type":"Feature","geometry":{"type":"Point","coordinates":[4.773433,51.58875]},"properties":{"id":"12768","naam":"Warenborgh en Huijs van Montes, Breda","plaats":"Breda","identifier":"RM513150","rijksmonumentnummer":"513150","monumentenregister_url":"https://monumentenregister.cultureelerfgoed.nl/monumenten/513150","huidige_functie":null,"geometrie_bron":"muurschilderingendatabase","same_as":["http://www.wikidata.org/entity/Q17464521","https://monumentenregister.cultureelerfgoed.nl/monumenten/513150"],"afbeelding":null}},{"type":"Feature","geometry":{"type":"Point","coordinates":[4.937021,51.63139]},"properties":{"id":"12793","naam":"Klooster Franciscanessen, bijbehorende kerk","plaats":"Dongen","identifier":"RM517206","rijksmonumentnummer":"517206","monumentenregister_url":"https://monumentenregister.cultureelerfgoed.nl/monumenten/517206","huidige_functie":null,"geometrie_bron":"muurschilderingendatabase","same_as":["http://www.wikidata.org/entity/Q7477326","https://monumentenregister.cultureelerfgoed.nl/monumenten/517206","https://reliwiki.nl/index.php/Dongen,_Hoge_Ham_25_-_Kapel_Mariaoord"],"afbeelding":"https://muurschilderingendatabase.nl/files/medium/8f5a32a02fb588e01e61790d5ec89133643660a8.jpg"}},{"type":"Feature","geometry":{"type":"Point","coordinates":[6.116983,51.49191]},"properties":{"id":"13765","naam":"Sint Lambertus, Swolgen","plaats":"Swolgen","identifier":"RM28443","rijksmonumentnummer":"28443","monumentenregister_url":"https://monumentenregister.cultureelerfgoed.nl/monumenten/28443","huidige_functie":null,"geometrie_bron":"muurschilderingendatabase","same_as":["http://www.wikidata.org/entity/Q17430027","https://monumentenregister.cultureelerfgoed.nl/monumenten/28443","https://reliwiki.nl/index.php/Swolgen,_Monseigneur_Aertsstraat_6_-_Lambertus","https://www.kerkgebouwen-in-limburg.nl/kerken/swolgen/lambertus"],"afbeelding":"https://muurschilderingendatabase.nl/files/medium/6b1660647b4dc872f2bec2014c61310b5f02cefd.jpg"}},{"type":"Feature","geometry":{"type":"Point","coordinates":[5.980128,50.88779]},"properties":{"id":"13805","naam":"Sint Pancratiuskerk, Heerlen","plaats":"Heerlen","identifier":"RM21228","rijksmonumentnummer":"21228","monumentenregister_url":"https://monumentenregister.cultureelerfgoed.nl/monumenten/21228","huidige_functie":null,"geometrie_bron":"muurschilderingendatabase","same_as":["http://www.wikidata.org/entity/Q4525353","https://monumentenregister.cultureelerfgoed.nl/monumenten/21228","https://reliwiki.nl/index.php/Heerlen,_Pancratiusplein_45_-_Pancratius","https://www.kerkgebouwen-in-limburg.nl/kerken/heerlen/pancratius"],"afbeelding":"https://muurschilderingendatabase.nl/files/medium/5305ba4136dd906536119174d837b0b15df5987d.jpg"}},{"type":"Feature","geometry":{"type":"Point","coordinates":[5.823091,50.7644]},"properties":{"id":"14130","naam":"Hoeve De Peul, Vroelen","plaats":"Vroelen","identifier":"RM34825","rijksmonumentnummer":"34825","monumentenregister_url":"https://monumentenregister.cultureelerfgoed.nl/monumenten/34825","huidige_functie":null,"geometrie_bron":"muurschilderingendatabase","same_as":["https://monumentenregister.cultureelerfgoed.nl/monumenten/34825","https://www.wikidata.org/wiki/Q17442588"],"afbeelding":"https://muurschilderingendatabase.nl/files/medium/c6be1f74e9208bfd183f9d1c3cdcf51cac51e8e3.jpg"}},{"type":"Feature","geometry":{"type":"Point","coordinates":[5.958035,50.97875]},"properties":{"id":"14157","naam":"Etzenraderhof, Jabeek","plaats":"Jabeek","identifier":"35671","rijksmonumentnummer":"RM35671","monumentenregister_url":"https://monumentenregister.cultureelerfgoed.nl/monumenten/RM35671","huidige_functie":null,"geometrie_bron":"muurschilderingendatabase","same_as":["https://monumentenregister.cultureelerfgoed.nl/monumenten/35671","https://www.wikidata.org/wiki/Q2193338"],"afbeelding":"https://muurschilderingendatabase.nl/files/medium/9d062a5187d4093cad06651bca897888ebf0361c.jpg"}},{"type":"Feature","geometry":{"type":"Point","coordinates":[5.783645,50.86689]},"properties":{"id":"14268","naam":"Onderaardse schuilkapel in de Geulhemmergroeve, Geulhem","plaats":"Geulhem","identifier":"RM42115","rijksmonumentnummer":"42115","monumentenregister_url":"https://monumentenregister.cultureelerfgoed.nl/monumenten/42115","huidige_functie":null,"geometrie_bron":"muurschilderingendatabase","same_as":["https://monumentenregister.cultureelerfgoed.nl/monumenten/42115","https://reliwiki.nl/index.php/Berg_en_Terblijt,_Geulhemmerweg_32_-_Schuilkerk_(1798_-_1801)","https://www.kerkgebouwen-in-limburg.nl/kerken/geulhem/onderaardse-schuilkapel","https://www.wikidata.org/wiki/Q17452673"],"afbeelding":null}},{"type":"Feature","geometry":{"type":"Point","coordinates":[6.046515,51.20825]},"properties":{"id":"14339","naam":"Huis Zuiderwijk Spiek, Swalmen","plaats":"Boukoul","identifier":"RM524300","rijksmonumentnummer":"524300","monumentenregister_url":"https://monumentenregister.cultureelerfgoed.nl/monumenten/524300","huidige_functie":null,"geometrie_bron":"muurschilderingendatabase","same_as":["https://monumentenregister.cultureelerfgoed.nl/monumenten/524300","https://nl.wikipedia.org/wiki/Zuidewijck_Spick","https://www.wikidata.org/wiki/Q17602759"],"afbeelding":"https://muurschilderingendatabase.nl/files/medium/bf6b0488d98c1fbcd70dc88fc258fe50daefb17a.jpg"}},{"type":"Feature","geometry":{"type":"Point","coordinates":[5.757601,50.94776]},"properties":{"id":"14637","naam":"Kasteel Elsloo, Elsloo","plaats":"Elsloo","identifier":"RM527394","rijksmonumentnummer":"527394","monumentenregister_url":"https://monumentenregister.cultureelerfgoed.nl/monumenten/527394","huidige_functie":null,"geometrie_bron":"muurschilderingendatabase","same_as":["https://monumentenregister.cultureelerfgoed.nl/monumenten/527394","https://www.wikidata.org/wiki/Q1735304"],"afbeelding":"https://muurschilderingendatabase.nl/files/medium/94166274b602a183dec0249bad02cdb5839320e0.jpg"}},{"type":"Feature","geometry":{"type":"Point","coordinates":[5.686158,50.8777]},"properties":{"id":"14648","naam":"Kasteel Borgharen, Maastricht","plaats":"Maastricht","identifier":"RM529989","rijksmonumentnummer":"529989","monumentenregister_url":"https://monumentenregister.cultureelerfgoed.nl/monumenten/529989","huidige_functie":null,"geometrie_bron":"muurschilderingendatabase","same_as":["https://monumentenregister.cultureelerfgoed.nl/monumenten/529989","https://www.wikidata.org/wiki/Q17609643"],"afbeelding":"https://muurschilderingendatabase.nl/files/medium/23681a3d05b254d2c48344b839642df3be89772e.jpg"}},{"type":"Feature","geometry":{"type":"Point","coordinates":[6.019377,50.77061]},"properties":{"id":"14666","naam":"Huis Clermont, Vaals","plaats":"Vaals","identifier":"RM36609","rijksmonumentnummer":"36609","monumentenregister_url":"https://monumentenregister.cultureelerfgoed.nl/monumenten/36609","huidige_functie":null,"geometrie_bron":"muurschilderingendatabase","same_as":["https://monumentenregister.cultureelerfgoed.nl/monumenten/36609"],"afbeelding":"https://muurschilderingendatabase.nl/files/medium/0178868ce14f038ca6d67cfbe6b6afaeebb5d93c.jpg"}},{"type":"Feature","geometry":{"type":"Point","coordinates":[5.89318,51.21658]},"properties":{"id":"14758","naam":"Kasteel Exaeten, Baexem","plaats":"Baexem","identifier":"RM22628","rijksmonumentnummer":"22628","monumentenregister_url":"https://monumentenregister.cultureelerfgoed.nl/monumenten/22628","huidige_functie":null,"geometrie_bron":"muurschilderingendatabase","same_as":["https://monumentenregister.cultureelerfgoed.nl/monumenten/22628","https://nl.wikipedia.org/wiki/Exaten","https://www.wikidata.org/wiki/Q2293749"],"afbeelding":"https://muurschilderingendatabase.nl/files/medium/3443d174e78a51ee7098aed7f676f9aea0196536.jpg"}},{"type":"Feature","geometry":{"type":"Point","coordinates":[4.972609,51.82873]},"properties":{"id":"15101","naam":"woonhuis, Gorinchem","plaats":"Gorinchem","identifier":"RM16557","rijksmonumentnummer":"16557","monumentenregister_url":"https://monumentenregister.cultureelerfgoed.nl/monumenten/16557","huidige_functie":null,"geometrie_bron":"muurschilderingendatabase","same_as":["https://monumentenregister.cultureelerfgoed.nl/monumenten/16557","https://www.wikidata.org/wiki/Q17374152"],"afbeelding":"https://muurschilderingendatabase.nl/files/medium/b428cbd0cdb3238d85d120ef054c8af295b6fea3.jpg"}},{"type":"Feature","geometry":{"type":"Point","coordinates":[4.974596,51.82998]},"properties":{"id":"15109","naam":"Hugo de Grootpoortje, Gorinchem","plaats":"Gorinchem","identifier":"RM16592","rijksmonumentnummer":"16592","monumentenregister_url":"https://monumentenregister.cultureelerfgoed.nl/monumenten/16592","huidige_functie":null,"geometrie_bron":"muurschilderingendatabase","same_as":["https://monumentenregister.cultureelerfgoed.nl/monumenten/16592","https://www.wikidata.org/wiki/Q17374192"],"afbeelding":"https://muurschilderingendatabase.nl/files/medium/585fce913e1d98066816b099eb0e0e9ffc39edad.jpg"}},{"type":"Feature","geometry":{"type":"Point","coordinates":[4.308787,52.08144]},"properties":{"id":"15149","naam":"Paleis Kneuterdijk, ’s-Gravenhage","plaats":"Den Haag","identifier":"RM17626","rijksmonumentnummer":"17626","monumentenregister_url":"https://monumentenregister.cultureelerfgoed.nl/monumenten/17626","huidige_functie":null,"geometrie_bron":"muurschilderingendatabase","same_as":["https://monumentenregister.cultureelerfgoed.nl/monumenten/17626","https://www.wikidata.org/wiki/Q2020929"],"afbeelding":"https://muurschilderingendatabase.nl/files/medium/d00b7daba8fada34863e8a29433afe41741481ef.jpg"}},{"type":"Feature","geometry":{"type":"Point","coordinates":[4.306952,52.07952]},"properties":{"id":"15204","naam":"Willibrordushuis, ’s-Gravenhage","plaats":"Den Haag","identifier":"RM17859","rijksmonumentnummer":"17859","monumentenregister_url":"https://monumentenregister.cultureelerfgoed.nl/monumenten/17859","huidige_functie":null,"geometrie_bron":"muurschilderingendatabase","same_as":["https://monumentenregister.cultureelerfgoed.nl/monumenten/17859","https://monumentenzorgdenhaag.nl/monumenten/oude-molstraat-35-0","https://www.wikidata.org/wiki/Q17342768"],"afbeelding":"https://muurschilderingendatabase.nl/files/medium/fba33e79a6f4e8ba5d80b1a81f560f6b53a2a11d.jpg"}},{"type":"Feature","geometry":{"type":"Point","coordinates":[4.141067,51.85464]},"properties":{"id":"15234","naam":"Voormalig raadhuis, Nieuwenhoorn","plaats":"Nieuwenhoorn","identifier":"RM21439","rijksmonumentnummer":"21439","monumentenregister_url":"https://monumentenregister.cultureelerfgoed.nl/monumenten/21439","huidige_functie":null,"geometrie_bron":"muurschilderingendatabase","same_as":["https://monumentenregister.cultureelerfgoed.nl/monumenten/21439","https://www.wikidata.org/wiki/Q17402075"],"afbeelding":"https://muurschilderingendatabase.nl/files/medium/e744f0da6294326c7f7c02575752fe07e5ce4359.jpg"}},{"type":"Feature","geometry":{"type":"Point","coordinates":[4.282588,51.98621]},"properties":{"id":"15310","naam":"boerderij, De Lier","plaats":"De Lier","identifier":"RM25882","rijksmonumentnummer":"25882","monumentenregister_url":"https://monumentenregister.cultureelerfgoed.nl/monumenten/25882","huidige_functie":null,"geometrie_bron":"muurschilderingendatabase","same_as":["https://monumentenregister.cultureelerfgoed.nl/monumenten/25882","https://www.wikidata.org/wiki/Q17415697"],"afbeelding":"https://muurschilderingendatabase.nl/files/medium/5d9b611022636670409d62f82947a510a60e5005.jpg"}},{"type":"Feature","geometry":{"type":"Point","coordinates":[4.513591,51.92012]},"properties":{"id":"15403","naam":"Lambertuskerk, Rotterdam","plaats":"Rotterdam","identifier":"RM506428","rijksmonumentnummer":"506428","monumentenregister_url":"https://monumentenregister.cultureelerfgoed.nl/monumenten/506428","huidige_functie":null,"geometrie_bron":"muurschilderingendatabase","same_as":["https://monumentenregister.cultureelerfgoed.nl/monumenten/506428","https://reliwiki.nl/index.php/Rotterdam,_Oostzeedijk_Beneden_3_-_Lambertus","https://www.wikidata.org/wiki/Q2543099"],"afbeelding":"https://muurschilderingendatabase.nl/files/medium/b07e720ad48744a5a64d1c0cb53ce80150a80e3d.jpg"}},{"type":"Feature","geometry":{"type":"Point","coordinates":[4.371643,52.12105]},"properties":{"id":"15406","naam":"Landhuis Oud Wassenaar, Wassenaar","plaats":"Wassenaar","identifier":"RM508020","rijksmonumentnummer":"508020","monumentenregister_url":"https://monumentenregister.cultureelerfgoed.nl/monumenten/508020","huidige_functie":null,"geometrie_bron":"muurschilderingendatabase","same_as":["https://monumentenregister.cultureelerfgoed.nl/monumenten/508020","https://www.wikidata.org/wiki/Q17458436"],"afbeelding":"https://muurschilderingendatabase.nl/files/medium/46889c9dfceff75beaa4ec84abdc7014a9d1f30d.jpg"}},{"type":"Feature","geometry":{"type":"Point","coordinates":[6.162833,53.21794]},"properties":{"id":"10148","naam":"Augustinitsjerke","plaats":"Augustinusga","identifier":"RM7032","rijksmonumentnummer":"7032","monumentenregister_url":"https://monumentenregister.cultureelerfgoed.nl/monumenten/7032","huidige_functie":null,"geometrie_bron":"muurschilderingendatabase","same_as":["http://www.wikidata.org/entity/Q3335086","https://monumentenregister.cultureelerfgoed.nl/monumenten/7032","https://reliwiki.nl/index.php?title=Augustinusga,_Geawei_15_-_Augustinitsjerke&oldid=474852"],"afbeelding":null}},{"type":"Feature","geometry":{"type":"Point","coordinates":[5.3531,52.1455]},"properties":{"id":"10446","naam":"Onze Lieve Vrouw ter Eem, Amersfoort","plaats":"Amersfoort","identifier":"RM517689","rijksmonumentnummer":"517689","monumentenregister_url":"https://monumentenregister.cultureelerfgoed.nl/monumenten/517689","huidige_functie":null,"geometrie_bron":"muurschilderingendatabase","same_as":["http://www.wikidata.org/entity/Q17594463"],"afbeelding":null}},{"type":"Feature","geometry":{"type":"Point","coordinates":[6.572778,53.21472]},"properties":{"id":"10447","naam":"Sint-Jozefkerk, Groningen","plaats":"Groningen","identifier":"RM18669","rijksmonumentnummer":"18669","monumentenregister_url":"https://monumentenregister.cultureelerfgoed.nl/monumenten/18669","huidige_functie":null,"geometrie_bron":"muurschilderingendatabase","same_as":["http://www.wikidata.org/entity/Q1848887"],"afbeelding":null}},{"type":"Feature","geometry":{"type":"Point","coordinates":[5.30358,51.50187]},"properties":{"id":"10449","naam":"Complex van Klooster Nazareth, Oirschot","plaats":"Oirschot","identifier":"RM519172","rijksmonumentnummer":"519172","monumentenregister_url":"https://monumentenregister.cultureelerfgoed.nl/monumenten/519172","huidige_functie":null,"geometrie_bron":"muurschilderingendatabase","same_as":["http://www.wikidata.org/entity/Q17595662"],"afbeelding":null}},{"type":"Feature","geometry":{"type":"Point","coordinates":[5.487778,51.43]},"properties":{"id":"10450","naam":"Sint-Joriskerk, Eindhoven","plaats":"Eindhoven","identifier":"RM14646","rijksmonumentnummer":"14646","monumentenregister_url":"https://monumentenregister.cultureelerfgoed.nl/monumenten/14646","huidige_functie":null,"geometrie_bron":"muurschilderingendatabase","same_as":["http://www.wikidata.org/entity/Q2055140"],"afbeelding":null}},{"type":"Feature","geometry":{"type":"Point","coordinates":[4.91434,52.3881]},"properties":{"id":"10451","naam":"Sint-Ritakerk, Amsterdam-Noord","plaats":"Amsterdam","identifier":"RM498725","rijksmonumentnummer":"498725","monumentenregister_url":"https://monumentenregister.cultureelerfgoed.nl/monumenten/498725","huidige_functie":null,"geometrie_bron":"muurschilderingendatabase","same_as":["http://www.wikidata.org/entity/Q15882050"],"afbeelding":null}},{"type":"Feature","geometry":{"type":"Point","coordinates":[4.469167,51.52944]},"properties":{"id":"10452","naam":"Sint-Josephkerk, Roosendaal","plaats":"Roosendaal","identifier":"RM517266","rijksmonumentnummer":"517266","monumentenregister_url":"https://monumentenregister.cultureelerfgoed.nl/monumenten/517266","huidige_functie":null,"geometrie_bron":"muurschilderingendatabase","same_as":["http://www.wikidata.org/entity/Q2304501"],"afbeelding":null}},{"type":"Feature","geometry":{"type":"Point","coordinates":[6.09266,52.51308]},"properties":{"id":"10453","naam":"Sint-Michaëlkerk, Zwolle","plaats":"Zwolle","identifier":"RM41758","rijksmonumentnummer":"41758","monumentenregister_url":"https://monumentenregister.cultureelerfgoed.nl/monumenten/41758","huidige_functie":null,"geometrie_bron":"muurschilderingendatabase","same_as":["http://www.wikidata.org/entity/Q17452310"],"afbeelding":null}},{"type":"Feature","geometry":{"type":"Point","coordinates":[5.838681,50.80044]},"properties":{"id":"10454","naam":"Franciscus van Assisikerk, Reijmerstok","plaats":"Reijmerstok","identifier":"RM491690","rijksmonumentnummer":"491690","monumentenregister_url":"https://monumentenregister.cultureelerfgoed.nl/monumenten/491690","huidige_functie":null,"geometrie_bron":"muurschilderingendatabase","same_as":["http://www.wikidata.org/entity/Q2548126"],"afbeelding":null}},{"type":"Feature","geometry":{"type":"Point","coordinates":[5.363333,51.71861]},"properties":{"id":"10456","naam":"Sint-Lambertuskerk, Rosmalen","plaats":"Rosmalen","identifier":"RM32720","rijksmonumentnummer":"32720","monumentenregister_url":"https://monumentenregister.cultureelerfgoed.nl/monumenten/32720","huidige_functie":null,"geometrie_bron":"muurschilderingendatabase","same_as":["http://www.wikidata.org/entity/Q2723031"],"afbeelding":null}},{"type":"Feature","geometry":{"type":"Point","coordinates":[6.899142,52.22441]},"properties":{"id":"10457","naam":"Sint-Jozefkerk, Enschede","plaats":"Enschede","identifier":"RM510630","rijksmonumentnummer":"510630","monumentenregister_url":"https://monumentenregister.cultureelerfgoed.nl/monumenten/510630","huidige_functie":null,"geometrie_bron":"muurschilderingendatabase","same_as":["http://www.wikidata.org/entity/Q11721811"],"afbeelding":null}},{"type":"Feature","geometry":{"type":"Point","coordinates":[4.91363,52.38882]},"properties":{"id":"10458","naam":"Sint Rosaklooster, Amsterdam-Noord","plaats":"Amsterdam","identifier":"RM498727","rijksmonumentnummer":"498727","monumentenregister_url":"https://monumentenregister.cultureelerfgoed.nl/monumenten/498727","huidige_functie":null,"geometrie_bron":"muurschilderingendatabase","same_as":["http://www.wikidata.org/entity/Q15882051"],"afbeelding":null}},{"type":"Feature","geometry":{"type":"Point","coordinates":[4.268999,51.52743]},"properties":{"id":"10459","naam":"Sint-Quirinuskerk, Halsteren","plaats":"Halsteren","identifier":"RM517104","rijksmonumentnummer":"517104","monumentenregister_url":"https://monumentenregister.cultureelerfgoed.nl/monumenten/517104","huidige_functie":null,"geometrie_bron":"muurschilderingendatabase","same_as":["http://www.wikidata.org/entity/Q2026788"],"afbeelding":null}},{"type":"Feature","geometry":{"type":"Point","coordinates":[4.553375,52.25699]},"properties":{"id":"10461","naam":"Sint-Agathakerk, Lisse","plaats":"Lisse","identifier":"RM516102","rijksmonumentnummer":"516102","monumentenregister_url":"https://monumentenregister.cultureelerfgoed.nl/monumenten/516102","huidige_functie":null,"geometrie_bron":"muurschilderingendatabase","same_as":["http://www.wikidata.org/entity/Q2184893"],"afbeelding":null}},{"type":"Feature","geometry":{"type":"Point","coordinates":[5.091256,51.56941]},"properties":{"id":"10462","naam":"Hoefstraatkerk, Tilburg","plaats":"Tilburg","identifier":"RM506119","rijksmonumentnummer":"506119","monumentenregister_url":"https://monumentenregister.cultureelerfgoed.nl/monumenten/506119","huidige_functie":null,"geometrie_bron":"muurschilderingendatabase","same_as":["http://www.wikidata.org/entity/Q2287215"],"afbeelding":null}},{"type":"Feature","geometry":{"type":"Point","coordinates":[4.46053,51.58708]},"properties":{"id":"10466","naam":"R.K. Kerk van de H. Laurentius, Oud Gastel","plaats":"Oud Gastel","identifier":"RM521551","rijksmonumentnummer":"521551","monumentenregister_url":"https://monumentenregister.cultureelerfgoed.nl/monumenten/521551","huidige_functie":null,"geometrie_bron":"muurschilderingendatabase","same_as":["http://www.wikidata.org/entity/Q17598279"],"afbeelding":null}},{"type":"Feature","geometry":{"type":"Point","coordinates":[5.091333,51.55728]},"properties":{"id":"10467","naam":"Heuvelse kerk, Tilburg","plaats":"Tilburg","identifier":"RM35713","rijksmonumentnummer":"35713","monumentenregister_url":"https://monumentenregister.cultureelerfgoed.nl/monumenten/35713","huidige_functie":null,"geometrie_bron":"muurschilderingendatabase","same_as":["http://www.wikidata.org/entity/Q1950335"],"afbeelding":null}},{"type":"Feature","geometry":{"type":"Point","coordinates":[6.562675,52.06754]},"properties":{"id":"10468","naam":"Onze Lieve Vrouw ten Hemelopnemingkerk, Beltrum","plaats":"Beltrum","identifier":"RM509423","rijksmonumentnummer":"509423","monumentenregister_url":"https://monumentenregister.cultureelerfgoed.nl/monumenten/509423","huidige_functie":null,"geometrie_bron":"muurschilderingendatabase","same_as":["http://www.wikidata.org/entity/Q15768398"],"afbeelding":null}},{"type":"Feature","geometry":{"type":"Point","coordinates":[4.709444,52.59611]},"properties":{"id":"10469","naam":"Onze Lieve Vrouwe van Lourdes, Heiloo","plaats":"Heiloo","identifier":"RM515983","rijksmonumentnummer":"515983","monumentenregister_url":"https://monumentenregister.cultureelerfgoed.nl/monumenten/515983","huidige_functie":null,"geometrie_bron":"muurschilderingendatabase","same_as":["http://www.wikidata.org/entity/Q3518102"],"afbeelding":null}},{"type":"Feature","geometry":{"type":"Point","coordinates":[4.21057,51.69025]},"properties":{"id":"10471","naam":"R.K. Kerk O.L.V. Hemelvaart, Oude-Tonge","plaats":"Oude-Tonge","identifier":"RM521890","rijksmonumentnummer":"521890","monumentenregister_url":"https://monumentenregister.cultureelerfgoed.nl/monumenten/521890","huidige_functie":null,"geometrie_bron":"muurschilderingendatabase","same_as":["http://www.wikidata.org/entity/Q17598740"],"afbeelding":null}},{"type":"Feature","geometry":{"type":"Point","coordinates":[5.88416,51.81192]},"properties":{"id":"10472","naam":"Neboklooster, Nijmegen","plaats":"Nijmegen","identifier":"RM522983","rijksmonumentnummer":"522983","monumentenregister_url":"https://monumentenregister.cultureelerfgoed.nl/monumenten/522983","huidige_functie":null,"geometrie_bron":"muurschilderingendatabase","same_as":["http://www.wikidata.org/entity/Q2303969"],"afbeelding":null}},{"type":"Feature","geometry":{"type":"Point","coordinates":[4.479722,51.92278]},"properties":{"id":"10473","naam":"Stadhuis van Rotterdam","plaats":"Rotterdam","identifier":"RM513763","rijksmonumentnummer":"513763","monumentenregister_url":"https://monumentenregister.cultureelerfgoed.nl/monumenten/513763","huidige_functie":null,"geometrie_bron":"muurschilderingendatabase","same_as":["http://www.wikidata.org/entity/Q1481214"],"afbeelding":null}},{"type":"Feature","geometry":{"type":"Point","coordinates":[5.095928,52.03975]},"properties":{"id":"10476","naam":"Sint-Nicolaaskerk, Jutphaas","plaats":"Jutphaas","identifier":"RM30422","rijksmonumentnummer":"30422","monumentenregister_url":"https://monumentenregister.cultureelerfgoed.nl/monumenten/30422","huidige_functie":null,"geometrie_bron":"muurschilderingendatabase","same_as":["http://www.wikidata.org/entity/Q15713426"],"afbeelding":null}},{"type":"Feature","geometry":{"type":"Point","coordinates":[6.75583,52.16437]},"properties":{"id":"10477","naam":"HH. Bonifatius en Gezellenkerk, Haaksbergen","plaats":"Haaksbergen","identifier":"RM507735","rijksmonumentnummer":"507735","monumentenregister_url":"https://monumentenregister.cultureelerfgoed.nl/monumenten/507735","huidige_functie":null,"geometrie_bron":"muurschilderingendatabase","same_as":["http://www.wikidata.org/entity/Q17458160"],"afbeelding":null}},{"type":"Feature","geometry":{"type":"Point","coordinates":[5.06604,51.52021]},"properties":{"id":"10478","naam":"St. Franciscus van Sales, Goirle","plaats":"Goirle","identifier":"RM517007","rijksmonumentnummer":"517007","monumentenregister_url":"https://monumentenregister.cultureelerfgoed.nl/monumenten/517007","huidige_functie":null,"geometrie_bron":"muurschilderingendatabase","same_as":["http://www.wikidata.org/entity/Q17593381"],"afbeelding":null}},{"type":"Feature","geometry":{"type":"Point","coordinates":[6.664914,52.35998]},"properties":{"id":"10480","naam":"Sint-Georgiusbasiliek, Almelo","plaats":"Almelo","identifier":"RM507692","rijksmonumentnummer":"507692","monumentenregister_url":"https://monumentenregister.cultureelerfgoed.nl/monumenten/507692","huidige_functie":null,"geometrie_bron":"muurschilderingendatabase","same_as":["http://www.wikidata.org/entity/Q2582419"],"afbeelding":null}},{"type":"Feature","geometry":{"type":"Point","coordinates":[4.4575,51.91417]},"properties":{"id":"10481","naam":"HH. Laurentius- en Elisabethkathedraal, Rotterdam","plaats":"Rotterdam","identifier":"RM524366","rijksmonumentnummer":"524366","monumentenregister_url":"https://monumentenregister.cultureelerfgoed.nl/monumenten/524366","huidige_functie":null,"geometrie_bron":"muurschilderingendatabase","same_as":["http://www.wikidata.org/entity/Q1573958"],"afbeelding":null}},{"type":"Feature","geometry":{"type":"Point","coordinates":[4.3975,51.915]},"properties":{"id":"10482","naam":"Sint-Jan-de-Doperkerk, Schiedam","plaats":"Schiedam","identifier":"RM33223","rijksmonumentnummer":"33223","monumentenregister_url":"https://monumentenregister.cultureelerfgoed.nl/monumenten/33223","huidige_functie":null,"geometrie_bron":"muurschilderingendatabase","same_as":["http://www.wikidata.org/entity/Q4949857"],"afbeelding":null}},{"type":"Feature","geometry":{"type":"Point","coordinates":[5.13544,51.57823]},"properties":{"id":"10484","naam":"R.K. kerkgebouw gewijd aan de H. Caecilia, Berkel-Enschot","plaats":"Berkel-Enschot","identifier":"RM526156","rijksmonumentnummer":"526156","monumentenregister_url":"https://monumentenregister.cultureelerfgoed.nl/monumenten/526156","huidige_functie":null,"geometrie_bron":"muurschilderingendatabase","same_as":["http://www.wikidata.org/entity/Q17604692"],"afbeelding":null}},{"type":"Feature","geometry":{"type":"Point","coordinates":[5.2296,51.63428]},"properties":{"id":"10485","naam":"Sint-Nicolaaskerk, Helvoirt","plaats":"Helvoirt","identifier":"RM21465","rijksmonumentnummer":"21465","monumentenregister_url":"https://monumentenregister.cultureelerfgoed.nl/monumenten/21465","huidige_functie":null,"geometrie_bron":"muurschilderingendatabase","same_as":["http://www.wikidata.org/entity/Q2470616"],"afbeelding":null}},{"type":"Feature","geometry":{"type":"Point","coordinates":[3.88955,51.50296]},"properties":{"id":"10486","naam":"Heilige Maria Magdalena Kerk, Goes","plaats":"Goes","identifier":"RM507881","rijksmonumentnummer":"507881","monumentenregister_url":"https://monumentenregister.cultureelerfgoed.nl/monumenten/507881","huidige_functie":null,"geometrie_bron":"muurschilderingendatabase","same_as":["http://www.wikidata.org/entity/Q17458281"],"afbeelding":null}},{"type":"Feature","geometry":{"type":"Point","coordinates":[5.860833,51.84139]},"properties":{"id":"10487","naam":"Concertgebouw de Vereeniging, Nijmegen","plaats":"Nijmegen","identifier":"RM523000","rijksmonumentnummer":"523000","monumentenregister_url":"https://monumentenregister.cultureelerfgoed.nl/monumenten/523000","huidige_functie":null,"geometrie_bron":"muurschilderingendatabase","same_as":["http://www.wikidata.org/entity/Q2183522"],"afbeelding":null}},{"type":"Feature","geometry":{"type":"Point","coordinates":[5.681944,51.41917]},"properties":{"id":"10488","naam":"Kerk van de Heilige Naam Jezus, Lierop","plaats":"Lierop","identifier":"RM34115","rijksmonumentnummer":"34115","monumentenregister_url":"https://monumentenregister.cultureelerfgoed.nl/monumenten/34115","huidige_functie":null,"geometrie_bron":"muurschilderingendatabase","same_as":["http://www.wikidata.org/entity/Q2037274"],"afbeelding":null}},{"type":"Feature","geometry":{"type":"Point","coordinates":[7.041342,52.75524]},"properties":{"id":"10489","naam":"Sint-Josephkerk, Barger-Compascuum","plaats":"Barger-Compascuum","identifier":"RM510937","rijksmonumentnummer":"510937","monumentenregister_url":"https://monumentenregister.cultureelerfgoed.nl/monumenten/510937","huidige_functie":null,"geometrie_bron":"muurschilderingendatabase","same_as":["http://www.wikidata.org/entity/Q2182959"],"afbeelding":null}},{"type":"Feature","geometry":{"type":"Point","coordinates":[5.289564,51.41728]},"properties":{"id":"10493","naam":"Sint-Lambertuskerk, Vessem","plaats":"Vessem","identifier":"RM37240","rijksmonumentnummer":"37240","monumentenregister_url":"https://monumentenregister.cultureelerfgoed.nl/monumenten/37240","huidige_functie":null,"geometrie_bron":"muurschilderingendatabase","same_as":["http://www.wikidata.org/entity/Q5172979"],"afbeelding":null}},{"type":"Feature","geometry":{"type":"Point","coordinates":[5.91278,50.81389]},"properties":{"id":"10495","naam":"Redemptoristenklooster, Wittem","plaats":"Wittem","identifier":"RM506470","rijksmonumentnummer":"506470","monumentenregister_url":"https://monumentenregister.cultureelerfgoed.nl/monumenten/506470","huidige_functie":null,"geometrie_bron":"muurschilderingendatabase","same_as":["http://www.wikidata.org/entity/Q1983896","https://reliwiki.nl/index.php/Wittem,_Wittemer_Allee_34_-_Redemptoristenklooster","https://reliwiki.nl/index.php/Wittem,_Wittemerallee_34_-_Alfonsus_en_Joannes_Nepomucenus","https://www.kerkgebouwen-in-limburg.nl/kerken/wittem/alfonsus-en-joannes-nepomucenus"],"afbeelding":null}},{"type":"Feature","geometry":{"type":"Point","coordinates":[6.698731,52.6703]},"properties":{"id":"10497","naam":"Sint-Franciscuskerk, Steenwijksmoer","plaats":"Steenwijksmoer","identifier":"RM468597","rijksmonumentnummer":"468597","monumentenregister_url":"https://monumentenregister.cultureelerfgoed.nl/monumenten/468597","huidige_functie":null,"geometrie_bron":"muurschilderingendatabase","same_as":["http://www.wikidata.org/entity/Q2608696"],"afbeelding":null}},{"type":"Feature","geometry":{"type":"Point","coordinates":[4.79648,51.55182]},"properties":{"id":"10498","naam":"Sint-Laurentiuskerk, Ulvenhout","plaats":"Ulvenhout","identifier":"RM519116","rijksmonumentnummer":"519116","monumentenregister_url":"https://monumentenregister.cultureelerfgoed.nl/monumenten/519116","huidige_functie":null,"geometrie_bron":"muurschilderingendatabase","same_as":["http://www.wikidata.org/entity/Q2625208"],"afbeelding":null}},{"type":"Feature","geometry":{"type":"Point","coordinates":[6.10002,52.50796]},"properties":{"id":"10500","naam":"Dominicanenklooster en -kerk, Zwolle","plaats":"Zwolle","identifier":"RM41547","rijksmonumentnummer":"41547","monumentenregister_url":"https://monumentenregister.cultureelerfgoed.nl/monumenten/41547","huidige_functie":null,"geometrie_bron":"muurschilderingendatabase","same_as":["http://www.wikidata.org/entity/Q2345404"],"afbeelding":null}},{"type":"Feature","geometry":{"type":"Point","coordinates":[6.0237,51.9493]},"properties":{"id":"10501","naam":"Remigiuskerk, Duiven","plaats":"Duiven","identifier":"RM14175","rijksmonumentnummer":"14175","monumentenregister_url":"https://monumentenregister.cultureelerfgoed.nl/monumenten/14175","huidige_functie":null,"geometrie_bron":"muurschilderingendatabase","same_as":["http://www.wikidata.org/entity/Q17351129"],"afbeelding":null}},{"type":"Feature","geometry":{"type":"Point","coordinates":[4.65543,52.48818]},"properties":{"id":"10503","naam":"Onze Lieve Vrouw van Goede Raad, Beverwijk","plaats":"Beverwijk","identifier":"RM515946","rijksmonumentnummer":"515946","monumentenregister_url":"https://monumentenregister.cultureelerfgoed.nl/monumenten/515946","huidige_functie":null,"geometrie_bron":"muurschilderingendatabase","same_as":["http://www.wikidata.org/entity/Q17590556"],"afbeelding":null}},{"type":"Feature","geometry":{"type":"Point","coordinates":[5.439794,51.43849]},"properties":{"id":"10504","naam":"Sint-Theresiakerk, Strijp","plaats":"Strijp","identifier":"RM518789","rijksmonumentnummer":"518789","monumentenregister_url":"https://monumentenregister.cultureelerfgoed.nl/monumenten/518789","huidige_functie":null,"geometrie_bron":"muurschilderingendatabase","same_as":["http://www.wikidata.org/entity/Q2169780"],"afbeelding":null}},{"type":"Feature","geometry":{"type":"Point","coordinates":[4.879083,52.35631]},"properties":{"id":"10505","naam":"Concertgebouw, Amsterdam","plaats":"Amsterdam","identifier":"RM288","rijksmonumentnummer":"288","monumentenregister_url":"https://monumentenregister.cultureelerfgoed.nl/monumenten/288","huidige_functie":null,"geometrie_bron":"muurschilderingendatabase","same_as":["http://www.wikidata.org/entity/Q849957"],"afbeelding":null}},{"type":"Feature","geometry":{"type":"Point","coordinates":[4.7847,51.56822]},"properties":{"id":"10506","naam":"Sint-Laurentiuskerk, Breda","plaats":"Breda","identifier":"RM10146","rijksmonumentnummer":"10146","monumentenregister_url":"https://monumentenregister.cultureelerfgoed.nl/monumenten/10146","huidige_functie":null,"geometrie_bron":"muurschilderingendatabase","same_as":["http://www.wikidata.org/entity/Q2728248"],"afbeelding":null}},{"type":"Feature","geometry":{"type":"Point","coordinates":[7.025964,52.91842]},"properties":{"id":"10508","naam":"Sint-Jozefkerk, Zandberg","plaats":"Zandberg","identifier":"RM510998","rijksmonumentnummer":"510998","monumentenregister_url":"https://monumentenregister.cultureelerfgoed.nl/monumenten/510998","huidige_functie":null,"geometrie_bron":"muurschilderingendatabase","same_as":["http://www.wikidata.org/entity/Q2014605"],"afbeelding":null}},{"type":"Feature","geometry":{"type":"Point","coordinates":[4.66026,52.59504]},"properties":{"id":"10511","naam":"Complex Sint-Adelbertabdij: abdij en abdijkerk, Egmond-Binnen","plaats":"Egmond-Binnen","identifier":"RM515957","rijksmonumentnummer":"515957","monumentenregister_url":"https://monumentenregister.cultureelerfgoed.nl/monumenten/515957","huidige_functie":null,"geometrie_bron":"muurschilderingendatabase","same_as":["http://www.wikidata.org/entity/Q17590569"],"afbeelding":null}},{"type":"Feature","geometry":{"type":"Point","coordinates":[5.23853,52.08915]},"properties":{"id":"10512","naam":"Sint-Jozefkerk, Zeist","plaats":"Zeist","identifier":"RM510278","rijksmonumentnummer":"510278","monumentenregister_url":"https://monumentenregister.cultureelerfgoed.nl/monumenten/510278","huidige_functie":null,"geometrie_bron":"muurschilderingendatabase","same_as":["http://www.wikidata.org/entity/Q17460700"],"afbeelding":null}},{"type":"Feature","geometry":{"type":"Point","coordinates":[5.688433,50.86283]},"properties":{"id":"10516","naam":"Sint-Hubertuskerk, Maastricht","plaats":"Maastricht","identifier":"RM506627","rijksmonumentnummer":"506627","monumentenregister_url":"https://monumentenregister.cultureelerfgoed.nl/monumenten/506627","huidige_functie":null,"geometrie_bron":"muurschilderingendatabase","same_as":["http://www.wikidata.org/entity/Q16912061"],"afbeelding":null}},{"type":"Feature","geometry":{"type":"Point","coordinates":[5.606689,51.30824]},"properties":{"id":"10518","naam":"Sint-Gertrudiskerk, Maarheeze","plaats":"Maarheeze","identifier":"RM518891","rijksmonumentnummer":"518891","monumentenregister_url":"https://monumentenregister.cultureelerfgoed.nl/monumenten/518891","huidige_functie":null,"geometrie_bron":"muurschilderingendatabase","same_as":["http://www.wikidata.org/entity/Q17595417"],"afbeelding":null}},{"type":"Feature","geometry":{"type":"Point","coordinates":[5.707642,50.84722]},"properties":{"id":"10519","naam":"Koepelkerk, Maastricht","plaats":"Maastricht","identifier":"RM506644","rijksmonumentnummer":"506644","monumentenregister_url":"https://monumentenregister.cultureelerfgoed.nl/monumenten/506644","huidige_functie":null,"geometrie_bron":"muurschilderingendatabase","same_as":["http://www.wikidata.org/entity/Q2426337"],"afbeelding":null}},{"type":"Feature","geometry":{"type":"Point","coordinates":[6.472108,52.01154]},"properties":{"id":"10520","naam":"Onze Lieve Vrouw van Lourdes, Mariënvelde","plaats":"Mariënvelde","identifier":"RM509426","rijksmonumentnummer":"509426","monumentenregister_url":"https://monumentenregister.cultureelerfgoed.nl/monumenten/509426","huidige_functie":null,"geometrie_bron":"muurschilderingendatabase","same_as":["http://www.wikidata.org/entity/Q15734213"],"afbeelding":null}},{"type":"Feature","geometry":{"type":"Point","coordinates":[6.92796,52.30781]},"properties":{"id":"10521","naam":"Antonius van Paduakerk, Oldenzaal","plaats":"Oldenzaal","identifier":"RM512030","rijksmonumentnummer":"512030","monumentenregister_url":"https://monumentenregister.cultureelerfgoed.nl/monumenten/512030","huidige_functie":null,"geometrie_bron":"muurschilderingendatabase","same_as":["http://www.wikidata.org/entity/Q17463503"],"afbeelding":null}},{"type":"Feature","geometry":{"type":"Point","coordinates":[5.67062,50.84183]},"properties":{"id":"10522","naam":"Trichter College, Maastricht","plaats":"Maastricht","identifier":"RM506723","rijksmonumentnummer":"506723","monumentenregister_url":"https://monumentenregister.cultureelerfgoed.nl/monumenten/506723","huidige_functie":null,"geometrie_bron":"muurschilderingendatabase","same_as":["http://www.wikidata.org/entity/Q17457386"],"afbeelding":null}},{"type":"Feature","geometry":{"type":"Point","coordinates":[5.35101,52.15159]},"properties":{"id":"10523","naam":"St. Alphonsus, Amersfoort","plaats":"Amersfoort","identifier":"RM517651","rijksmonumentnummer":"517651","monumentenregister_url":"https://monumentenregister.cultureelerfgoed.nl/monumenten/517651","huidige_functie":null,"geometrie_bron":"muurschilderingendatabase","same_as":["http://www.wikidata.org/entity/Q17594417"],"afbeelding":null}},{"type":"Feature","geometry":{"type":"Point","coordinates":[4.30391,52.06421]},"properties":{"id":"10524","naam":"Sint-Marthakerk, Den Haag","plaats":"Den Haag","identifier":"RM459793","rijksmonumentnummer":"459793","monumentenregister_url":"https://monumentenregister.cultureelerfgoed.nl/monumenten/459793","huidige_functie":null,"geometrie_bron":"muurschilderingendatabase","same_as":["http://www.wikidata.org/entity/Q2390228"],"afbeelding":null}},{"type":"Feature","geometry":{"type":"Point","coordinates":[4.399,52.08072]},"properties":{"id":"10525","naam":"Petrus en Pauluskerk, Leidschendam","plaats":"Leidschendam","identifier":"RM510300","rijksmonumentnummer":"510300","monumentenregister_url":"https://monumentenregister.cultureelerfgoed.nl/monumenten/510300","huidige_functie":null,"geometrie_bron":"muurschilderingendatabase","same_as":["http://www.wikidata.org/entity/Q2104430"],"afbeelding":null}},{"type":"Feature","geometry":{"type":"Point","coordinates":[6.615003,52.04068]},"properties":{"id":"10526","naam":"Sint-Calixtusbasiliek, Groenlo","plaats":"Groenlo","identifier":"RM18163","rijksmonumentnummer":"18163","monumentenregister_url":"https://monumentenregister.cultureelerfgoed.nl/monumenten/18163","huidige_functie":null,"geometrie_bron":"muurschilderingendatabase","same_as":["http://www.wikidata.org/entity/Q2164024"],"afbeelding":null}},{"type":"Feature","geometry":{"type":"Point","coordinates":[5.886,51.98489]},"properties":{"id":"10529","naam":"Elisabeths Gasthuis, Arnhem","plaats":"Arnhem","identifier":"RM516738","rijksmonumentnummer":"516738","monumentenregister_url":"https://monumentenregister.cultureelerfgoed.nl/monumenten/516738","huidige_functie":null,"geometrie_bron":"muurschilderingendatabase","same_as":["http://www.wikidata.org/entity/Q2190084"],"afbeelding":null}},{"type":"Feature","geometry":{"type":"Point","coordinates":[5.08439,51.55213]},"properties":{"id":"10530","naam":"Complex Zusters van Liefde, Tilburg","plaats":"Tilburg","identifier":"RM526127","rijksmonumentnummer":"526127","monumentenregister_url":"https://monumentenregister.cultureelerfgoed.nl/monumenten/526127","huidige_functie":null,"geometrie_bron":"muurschilderingendatabase","same_as":["http://www.wikidata.org/entity/Q17604650"],"afbeelding":null}},{"type":"Feature","geometry":{"type":"Point","coordinates":[5.14275,52.09372]},"properties":{"id":"10532","naam":"kapel Sint Barbara, Utrecht","plaats":"Utrecht","identifier":"RM514396","rijksmonumentnummer":"514396","monumentenregister_url":"https://monumentenregister.cultureelerfgoed.nl/monumenten/514396","huidige_functie":null,"geometrie_bron":"muurschilderingendatabase","same_as":["http://www.wikidata.org/entity/Q17466691"],"afbeelding":null}},{"type":"Feature","geometry":{"type":"Point","coordinates":[5.98875,51.26011]},"properties":{"id":"10533","naam":"Sint-Martinuskerk, Neer","plaats":"Neer","identifier":"RM522200","rijksmonumentnummer":"522200","monumentenregister_url":"https://monumentenregister.cultureelerfgoed.nl/monumenten/522200","huidige_functie":null,"geometrie_bron":"muurschilderingendatabase","same_as":["http://www.wikidata.org/entity/Q17437070"],"afbeelding":null}},{"type":"Feature","geometry":{"type":"Point","coordinates":[5.89,51.81778]},"properties":{"id":"10534","naam":"Cenakelkerk, Berg en Dal","plaats":"Berg en Dal","identifier":"RM523627","rijksmonumentnummer":"523627","monumentenregister_url":"https://monumentenregister.cultureelerfgoed.nl/monumenten/523627","huidige_functie":null,"geometrie_bron":"muurschilderingendatabase","same_as":["http://www.wikidata.org/entity/Q2586733"],"afbeelding":null}},{"type":"Feature","geometry":{"type":"Point","coordinates":[4.749904,51.64268]},"properties":{"id":"10535","naam":"Sint-Antonius Abtkerk, Terheijden","plaats":"Terheijden","identifier":"RM34990","rijksmonumentnummer":"34990","monumentenregister_url":"https://monumentenregister.cultureelerfgoed.nl/monumenten/34990","huidige_functie":null,"geometrie_bron":"muurschilderingendatabase","same_as":["http://www.wikidata.org/entity/Q2340227"],"afbeelding":null}},{"type":"Feature","geometry":{"type":"Point","coordinates":[5.11651,52.08868]},"properties":{"id":"10537","naam":"Oud-Katholieke Kerk St. Gertrudis, Utrecht","plaats":"Utrecht","identifier":"RM514248","rijksmonumentnummer":"514248","monumentenregister_url":"https://monumentenregister.cultureelerfgoed.nl/monumenten/514248","huidige_functie":null,"geometrie_bron":"muurschilderingendatabase","same_as":["http://www.wikidata.org/entity/Q18813566"],"afbeelding":null}},{"type":"Feature","geometry":{"type":"Point","coordinates":[5.96505,51.24387]},"properties":{"id":"10538","naam":"Sint-Servatiuskerk, Nunhem","plaats":"Nunhem","identifier":"RM19975","rijksmonumentnummer":"19975","monumentenregister_url":"https://monumentenregister.cultureelerfgoed.nl/monumenten/19975","huidige_functie":null,"geometrie_bron":"muurschilderingendatabase","same_as":["http://www.wikidata.org/entity/Q17393189"],"afbeelding":null}},{"type":"Feature","geometry":{"type":"Point","coordinates":[4.45072,51.5333]},"properties":{"id":"10539","naam":"Onze-Lieve-Vrouw van Altijddurende Bijstandkerk, Roosendaal","plaats":"Roosendaal","identifier":"RM517267","rijksmonumentnummer":"517267","monumentenregister_url":"https://monumentenregister.cultureelerfgoed.nl/monumenten/517267","huidige_functie":null,"geometrie_bron":"muurschilderingendatabase","same_as":["http://www.wikidata.org/entity/Q2330058"],"afbeelding":null}},{"type":"Feature","geometry":{"type":"Point","coordinates":[4.891667,52.37111]},"properties":{"id":"10542","naam":"De Papegaai, Amsterdam","plaats":"Amsterdam","identifier":"RM2147","rijksmonumentnummer":"2147","monumentenregister_url":"https://monumentenregister.cultureelerfgoed.nl/monumenten/2147","huidige_functie":null,"geometrie_bron":"muurschilderingendatabase","same_as":["http://www.wikidata.org/entity/Q2102894"],"afbeelding":null}},{"type":"Feature","geometry":{"type":"Point","coordinates":[5.312256,51.6878]},"properties":{"id":"10545","naam":"Nieuwe Sint-Jacobskerk, 's-Hertogenbosch","plaats":"'s-Hertogenbosch","identifier":"RM21616","rijksmonumentnummer":"21616","monumentenregister_url":"https://monumentenregister.cultureelerfgoed.nl/monumenten/21616","huidige_functie":null,"geometrie_bron":"muurschilderingendatabase","same_as":["http://www.wikidata.org/entity/Q3165283"],"afbeelding":"https://muurschilderingendatabase.nl/files/medium/98ee3ebc94e107ef206c1763fe63fc12831e6bf4.jpg"}},{"type":"Feature","geometry":{"type":"Point","coordinates":[5.344167,51.64181]},"properties":{"id":"10546","naam":"Instituut voor Doven, Sint-Michielsgestel","plaats":"Sint-Michielsgestel","identifier":"RM519925","rijksmonumentnummer":"519925","monumentenregister_url":"https://monumentenregister.cultureelerfgoed.nl/monumenten/519925","huidige_functie":null,"geometrie_bron":"muurschilderingendatabase","same_as":["http://www.wikidata.org/entity/Q1822411"],"afbeelding":null}},{"type":"Feature","geometry":{"type":"Point","coordinates":[5.06958,51.55537]},"properties":{"id":"10548","naam":"Missiehuis, Tilburg","plaats":"Tilburg","identifier":"RM521152","rijksmonumentnummer":"521152","monumentenregister_url":"https://monumentenregister.cultureelerfgoed.nl/monumenten/521152","huidige_functie":null,"geometrie_bron":"muurschilderingendatabase","same_as":["http://www.wikidata.org/entity/Q17597775"],"afbeelding":null}},{"type":"Feature","geometry":{"type":"Point","coordinates":[4.29624,52.10116]},"properties":{"id":"10551","naam":"De Zeemeeuw, Den Haag","plaats":"Den Haag","identifier":"RM18075","rijksmonumentnummer":"18075","monumentenregister_url":"https://monumentenregister.cultureelerfgoed.nl/monumenten/18075","huidige_functie":null,"geometrie_bron":"muurschilderingendatabase","same_as":["http://www.wikidata.org/entity/Q17386967"],"afbeelding":null}},{"type":"Feature","geometry":{"type":"Point","coordinates":[4.81796,51.61128]},"properties":{"id":"10552","naam":"Willibrorduskerk, Teteringen","plaats":"Teteringen","identifier":"RM519047","rijksmonumentnummer":"519047","monumentenregister_url":"https://monumentenregister.cultureelerfgoed.nl/monumenten/519047","huidige_functie":null,"geometrie_bron":"muurschilderingendatabase","same_as":["http://www.wikidata.org/entity/Q17595560"],"afbeelding":null}},{"type":"Feature","geometry":{"type":"Point","coordinates":[4.938611,52.35972]},"properties":{"id":"10553","naam":"Gerardus Majellakerk, Amsterdam","plaats":"Amsterdam","identifier":"RM523303","rijksmonumentnummer":"523303","monumentenregister_url":"https://monumentenregister.cultureelerfgoed.nl/monumenten/523303","huidige_functie":null,"geometrie_bron":"muurschilderingendatabase","same_as":["http://www.wikidata.org/entity/Q2410753"],"afbeelding":null}},{"type":"Feature","geometry":{"type":"Point","coordinates":[5.651225,51.79697]},"properties":{"id":"10555","naam":"Sint-Luciakerk, Ravenstein","plaats":"Ravenstein","identifier":"RM32337","rijksmonumentnummer":"32337","monumentenregister_url":"https://monumentenregister.cultureelerfgoed.nl/monumenten/32337","huidige_functie":null,"geometrie_bron":"muurschilderingendatabase","same_as":["http://www.wikidata.org/entity/Q2339092"],"afbeelding":null}},{"type":"Feature","geometry":{"type":"Point","coordinates":[5.77324,51.8637]},"properties":{"id":"10556","naam":"Corneliuskerk, Beuningen","plaats":"Beuningen","identifier":"RM523147","rijksmonumentnummer":"523147","monumentenregister_url":"https://monumentenregister.cultureelerfgoed.nl/monumenten/523147","huidige_functie":null,"geometrie_bron":"muurschilderingendatabase","same_as":["http://www.wikidata.org/entity/Q17600391"],"afbeelding":null}},{"type":"Feature","geometry":{"type":"Point","coordinates":[4.74016,52.63127]},"properties":{"id":"10557","naam":"Sint-Josephkerk, Alkmaar","plaats":"Alkmaar","identifier":"RM524889","rijksmonumentnummer":"524889","monumentenregister_url":"https://monumentenregister.cultureelerfgoed.nl/monumenten/524889","huidige_functie":null,"geometrie_bron":"muurschilderingendatabase","same_as":["http://www.wikidata.org/entity/Q2501504"],"afbeelding":null}},{"type":"Feature","geometry":{"type":"Point","coordinates":[4.96013,51.67631]},"properties":{"id":"10558","naam":"Theresia van Lisieuxkerk, Waspik","plaats":"Waspik","identifier":"RM525768","rijksmonumentnummer":"525768","monumentenregister_url":"https://monumentenregister.cultureelerfgoed.nl/monumenten/525768","huidige_functie":null,"geometrie_bron":"muurschilderingendatabase","same_as":["http://www.wikidata.org/entity/Q17604224"],"afbeelding":null}},{"type":"Feature","geometry":{"type":"Point","coordinates":[5.08882,51.54911]},"properties":{"id":"10560","naam":"Broekhovense kerk, Tilburg","plaats":"Tilburg","identifier":"RM521033","rijksmonumentnummer":"521033","monumentenregister_url":"https://monumentenregister.cultureelerfgoed.nl/monumenten/521033","huidige_functie":null,"geometrie_bron":"muurschilderingendatabase","same_as":["http://www.wikidata.org/entity/Q1997395"],"afbeelding":null}},{"type":"Feature","geometry":{"type":"Point","coordinates":[5.12382,52.09559]},"properties":{"id":"10561","naam":"Statig grachtenhuis met rechte kroonlijst, Utrecht","plaats":"Utrecht","identifier":"RM18305","rijksmonumentnummer":"18305","monumentenregister_url":"https://monumentenregister.cultureelerfgoed.nl/monumenten/18305","huidige_functie":null,"geometrie_bron":"muurschilderingendatabase","same_as":["http://www.wikidata.org/entity/Q17389049"],"afbeelding":null}},{"type":"Feature","geometry":{"type":"Point","coordinates":[5.062922,51.55283]},"properties":{"id":"10562","naam":"Margarita Maria Alacoquekerk, Tilburg","plaats":"Tilburg","identifier":"RM521196","rijksmonumentnummer":"521196","monumentenregister_url":"https://monumentenregister.cultureelerfgoed.nl/monumenten/521196","huidige_functie":null,"geometrie_bron":"muurschilderingendatabase","same_as":["http://www.wikidata.org/entity/Q2789699"],"afbeelding":null}},{"type":"Feature","geometry":{"type":"Point","coordinates":[5.117436,52.08974]},"properties":{"id":"11595","naam":"Gebouw voor Kunsten en Wetenschappen, Utrecht","plaats":"Utrecht","identifier":"RM46960","rijksmonumentnummer":"46960","monumentenregister_url":"https://monumentenregister.cultureelerfgoed.nl/monumenten/46960","huidige_functie":null,"geometrie_bron":"muurschilderingendatabase","same_as":["http://www.wikidata.org/entity/Q2915323","https://monumentenregister.cultureelerfgoed.nl/monumenten/46960"],"afbeelding":"https://muurschilderingendatabase.nl/files/medium/318964f96154cd2860568dca0bb764f0c320daa7.jpg"}},{"type":"Feature","geometry":{"type":"Point","coordinates":[4.2955,52.0866]},"properties":{"id":"12014","naam":"Vredespaleis","plaats":"Den Haag","identifier":"RM333074","rijksmonumentnummer":"333074","monumentenregister_url":"https://monumentenregister.cultureelerfgoed.nl/monumenten/333074","huidige_functie":null,"geometrie_bron":"muurschilderingendatabase","same_as":["http://www.wikidata.org/entity/Q834448"],"afbeelding":null}},{"type":"Feature","geometry":{"type":"Point","coordinates":[4.394236,52.0863]},"properties":{"id":"12016","naam":"Gemeentehuis van Leidschendam","plaats":"Leidschendam","identifier":"RM510318","rijksmonumentnummer":"510318","monumentenregister_url":"https://monumentenregister.cultureelerfgoed.nl/monumenten/510318","huidige_functie":null,"geometrie_bron":"muurschilderingendatabase","same_as":["http://www.wikidata.org/entity/Q1882056"],"afbeelding":null}},{"type":"Feature","geometry":{"type":"Point","coordinates":[5.691111,50.85139]},"properties":{"id":"12017","naam":"Stadhuis van Maastricht","plaats":"Binnenstad","identifier":"RM27382","rijksmonumentnummer":"27382","monumentenregister_url":"https://monumentenregister.cultureelerfgoed.nl/monumenten/27382","huidige_functie":null,"geometrie_bron":"muurschilderingendatabase","same_as":["http://www.wikidata.org/entity/Q1923527"],"afbeelding":null}},{"type":"Feature","geometry":{"type":"Point","coordinates":[5.10629,52.77387]},"properties":{"id":"12018","naam":"Stadhuis van Medemblik","plaats":"Medemblik","identifier":"RM502409","rijksmonumentnummer":"502409","monumentenregister_url":"https://monumentenregister.cultureelerfgoed.nl/monumenten/502409","huidige_functie":null,"geometrie_bron":"muurschilderingendatabase","same_as":["http://www.wikidata.org/entity/Q2040190"],"afbeelding":null}},{"type":"Feature","geometry":{"type":"Point","coordinates":[5.79556,53.2025]},"properties":{"id":"12019","naam":"Stadhouderlijk Hof","plaats":"Leeuwarden","identifier":"RM24219","rijksmonumentnummer":"24219","monumentenregister_url":"https://monumentenregister.cultureelerfgoed.nl/monumenten/24219","huidige_functie":null,"geometrie_bron":"muurschilderingendatabase","same_as":["http://www.wikidata.org/entity/Q2073999"],"afbeelding":null}},{"type":"Feature","geometry":{"type":"Point","coordinates":[5.55861,51.425]},"properties":{"id":"12021","naam":"Kasteel Geldrop","plaats":"Geldrop","identifier":"RM16031","rijksmonumentnummer":"16031","monumentenregister_url":"https://monumentenregister.cultureelerfgoed.nl/monumenten/16031","huidige_functie":null,"geometrie_bron":"muurschilderingendatabase","same_as":["http://www.wikidata.org/entity/Q2272084"],"afbeelding":null}},{"type":"Feature","geometry":{"type":"Point","coordinates":[5.878239,51.84199]},"properties":{"id":"12022","naam":"Museumgebouw Kam","plaats":"Nijmegen","identifier":"RM522950","rijksmonumentnummer":"522950","monumentenregister_url":"https://monumentenregister.cultureelerfgoed.nl/monumenten/522950","huidige_functie":null,"geometrie_bron":"muurschilderingendatabase","same_as":["http://www.wikidata.org/entity/Q2447629"],"afbeelding":null}},{"type":"Feature","geometry":{"type":"Point","coordinates":[5.687978,50.84748]},"properties":{"id":"12023","naam":"Oud Gouvernement","plaats":"Binnenstad","identifier":"RM506629","rijksmonumentnummer":"506629","monumentenregister_url":"https://monumentenregister.cultureelerfgoed.nl/monumenten/506629","huidige_functie":null,"geometrie_bron":"muurschilderingendatabase","same_as":["http://www.wikidata.org/entity/Q2488693"],"afbeelding":null}},{"type":"Feature","geometry":{"type":"Point","coordinates":[6.896667,52.21944]},"properties":{"id":"12024","naam":"Stadhuis van Enschede","plaats":"Enschede","identifier":"RM510599","rijksmonumentnummer":"510599","monumentenregister_url":"https://monumentenregister.cultureelerfgoed.nl/monumenten/510599","huidige_functie":null,"geometrie_bron":"muurschilderingendatabase","same_as":["http://www.wikidata.org/entity/Q2500901"],"afbeelding":null}},{"type":"Feature","geometry":{"type":"Point","coordinates":[4.485556,52.15694]},"properties":{"id":"12025","naam":"Academiegebouw","plaats":"Leiden","identifier":"RM25503","rijksmonumentnummer":"25503","monumentenregister_url":"https://monumentenregister.cultureelerfgoed.nl/monumenten/25503","huidige_functie":null,"geometrie_bron":"muurschilderingendatabase","same_as":["http://www.wikidata.org/entity/Q2515805"],"afbeelding":null}},{"type":"Feature","geometry":{"type":"Point","coordinates":[6.360833,51.96056]},"properties":{"id":"12026","naam":"Slangenburg","plaats":"Doetinchem","identifier":"RM527492","rijksmonumentnummer":"527492","monumentenregister_url":"https://monumentenregister.cultureelerfgoed.nl/monumenten/527492","huidige_functie":null,"geometrie_bron":"muurschilderingendatabase","same_as":["http://www.wikidata.org/entity/Q2534458"],"afbeelding":null}},{"type":"Feature","geometry":{"type":"Point","coordinates":[5.234444,52.07861]},"properties":{"id":"12027","naam":"Slot Zeist","plaats":"Zeist","identifier":"RM40407","rijksmonumentnummer":"40407","monumentenregister_url":"https://monumentenregister.cultureelerfgoed.nl/monumenten/40407","huidige_functie":null,"geometrie_bron":"muurschilderingendatabase","same_as":["http://www.wikidata.org/entity/Q2951084"],"afbeelding":null}},{"type":"Feature","geometry":{"type":"Point","coordinates":[5.79972,53.20128]},"properties":{"id":"12029","naam":"Provinsjehûs","plaats":"Leeuwarden","identifier":"RM24414","rijksmonumentnummer":"24414","monumentenregister_url":"https://monumentenregister.cultureelerfgoed.nl/monumenten/24414","huidige_functie":null,"geometrie_bron":"muurschilderingendatabase","same_as":["http://www.wikidata.org/entity/Q3189517"],"afbeelding":null}},{"type":"Feature","geometry":{"type":"Point","coordinates":[6.56667,53.21833]},"properties":{"id":"12030","naam":"Stadhuis","plaats":"Groningen","identifier":"RM18466","rijksmonumentnummer":"18466","monumentenregister_url":"https://monumentenregister.cultureelerfgoed.nl/monumenten/18466","huidige_functie":null,"geometrie_bron":"muurschilderingendatabase","same_as":["http://www.wikidata.org/entity/Q4442092"],"afbeelding":null}},{"type":"Feature","geometry":{"type":"Point","coordinates":[4.315433,52.07925]},"properties":{"id":"12031","naam":"Departement van Justitie","plaats":"Den Haag","identifier":"RM17881","rijksmonumentnummer":"17881","monumentenregister_url":"https://monumentenregister.cultureelerfgoed.nl/monumenten/17881","huidige_functie":null,"geometrie_bron":"muurschilderingendatabase","same_as":["http://www.wikidata.org/entity/Q4706346"],"afbeelding":null}},{"type":"Feature","geometry":{"type":"Point","coordinates":[6.445053,52.07886]},"properties":{"id":"12032","naam":"Kasteel Huize Ruurlo","plaats":"Ruurlo","identifier":"RM529502","rijksmonumentnummer":"529502","monumentenregister_url":"https://monumentenregister.cultureelerfgoed.nl/monumenten/529502","huidige_functie":null,"geometrie_bron":"muurschilderingendatabase","same_as":["http://www.wikidata.org/entity/Q4989654"],"afbeelding":null}},{"type":"Feature","geometry":{"type":"Point","coordinates":[5.066409,51.69103]},"properties":{"id":"12033","naam":"gemeentehuis van Waalwijk","plaats":"Waalwijk","identifier":"RM521817","rijksmonumentnummer":"521817","monumentenregister_url":"https://monumentenregister.cultureelerfgoed.nl/monumenten/521817","huidige_functie":null,"geometrie_bron":"muurschilderingendatabase","same_as":["http://www.wikidata.org/entity/Q7474575"],"afbeelding":null}},{"type":"Feature","geometry":{"type":"Point","coordinates":[5.909411,51.99158]},"properties":{"id":"12034","naam":"Kantoorgebouw van de Nederlandse Heidemaatschappij","plaats":"Arnhem","identifier":"RM516834","rijksmonumentnummer":"516834","monumentenregister_url":"https://monumentenregister.cultureelerfgoed.nl/monumenten/516834","huidige_functie":null,"geometrie_bron":"muurschilderingendatabase","same_as":["http://www.wikidata.org/entity/Q11718488"],"afbeelding":null}},{"type":"Feature","geometry":{"type":"Point","coordinates":[4.58665,52.4143]},"properties":{"id":"12036","naam":"Vinkenhuisje in Vinkenbaan. Lage woning","plaats":"Bloemendaal","identifier":"RM9713","rijksmonumentnummer":"9713","monumentenregister_url":"https://monumentenregister.cultureelerfgoed.nl/monumenten/9713","huidige_functie":null,"geometrie_bron":"muurschilderingendatabase","same_as":["http://www.wikidata.org/entity/Q17195461"],"afbeelding":null}},{"type":"Feature","geometry":{"type":"Point","coordinates":[4.89305,52.35855]},"properties":{"id":"12037","naam":"Villa Heineken","plaats":"Amsterdam","identifier":"RM518483","rijksmonumentnummer":"518483","monumentenregister_url":"https://monumentenregister.cultureelerfgoed.nl/monumenten/518483","huidige_functie":null,"geometrie_bron":"muurschilderingendatabase","same_as":["http://www.wikidata.org/entity/Q17291590"],"afbeelding":null}},{"type":"Feature","geometry":{"type":"Point","coordinates":[4.89346,52.34545]},"properties":{"id":"12038","naam":"Dongeschool etc.","plaats":"Amsterdam","identifier":"RM526710","rijksmonumentnummer":"526710","monumentenregister_url":"https://monumentenregister.cultureelerfgoed.nl/monumenten/526710","huidige_functie":null,"geometrie_bron":"muurschilderingendatabase","same_as":["http://www.wikidata.org/entity/Q17291907"],"afbeelding":null}},{"type":"Feature","geometry":{"type":"Point","coordinates":[4.8745,52.34878]},"properties":{"id":"12039","naam":"HBS voor meisjes","plaats":"Amsterdam","identifier":"RM527773","rijksmonumentnummer":"527773","monumentenregister_url":"https://monumentenregister.cultureelerfgoed.nl/monumenten/527773","huidige_functie":null,"geometrie_bron":"muurschilderingendatabase","same_as":["http://www.wikidata.org/entity/Q17292130"],"afbeelding":null}},{"type":"Feature","geometry":{"type":"Point","coordinates":[4.884167,52.34575]},"properties":{"id":"12040","naam":"Vossius Gymnasium: schoolgebouw","plaats":"Amsterdam-Zuid","identifier":"RM527830","rijksmonumentnummer":"527830","monumentenregister_url":"https://monumentenregister.cultureelerfgoed.nl/monumenten/527830","huidige_functie":null,"geometrie_bron":"muurschilderingendatabase","same_as":["http://www.wikidata.org/entity/Q17292367"],"afbeelding":null}},{"type":"Feature","geometry":{"type":"Point","coordinates":[6.56391,53.21974]},"properties":{"id":"12042","naam":"Oude rechtbank","plaats":"Groningen","identifier":"RM18633","rijksmonumentnummer":"18633","monumentenregister_url":"https://monumentenregister.cultureelerfgoed.nl/monumenten/18633","huidige_functie":null,"geometrie_bron":"muurschilderingendatabase","same_as":["http://www.wikidata.org/entity/Q17389472"],"afbeelding":null}},{"type":"Feature","geometry":{"type":"Point","coordinates":[5.16157,52.29639]},"properties":{"id":"12043","naam":"Burger Weeshuis","plaats":"Naarden","identifier":"RM30181","rijksmonumentnummer":"30181","monumentenregister_url":"https://monumentenregister.cultureelerfgoed.nl/monumenten/30181","huidige_functie":null,"geometrie_bron":"muurschilderingendatabase","same_as":["http://www.wikidata.org/entity/Q17436568"],"afbeelding":null}},{"type":"Feature","geometry":{"type":"Point","coordinates":[5.8448,51.13203]},"properties":{"id":"12044","naam":"Jan van Steffeswertplein 4, Stevensweert","plaats":"Stevensweert","identifier":"RM34891","rijksmonumentnummer":"34891","monumentenregister_url":"https://monumentenregister.cultureelerfgoed.nl/monumenten/34891","huidige_functie":null,"geometrie_bron":"muurschilderingendatabase","same_as":["http://www.wikidata.org/entity/Q17442664"],"afbeelding":null}},{"type":"Feature","geometry":{"type":"Point","coordinates":[6.19897,52.14082]},"properties":{"id":"12045","naam":"Pand met lijstgevel","plaats":"Zutphen","identifier":"RM41165","rijksmonumentnummer":"41165","monumentenregister_url":"https://monumentenregister.cultureelerfgoed.nl/monumenten/41165","huidige_functie":null,"geometrie_bron":"muurschilderingendatabase","same_as":["http://www.wikidata.org/entity/Q17450723"],"afbeelding":null}},{"type":"Feature","geometry":{"type":"Point","coordinates":[4.49448,52.26343]},"properties":{"id":"12047","naam":"Gemeentehuis van Noordwijkerhout","plaats":"Noordwijkerhout","identifier":"RM509684","rijksmonumentnummer":"509684","monumentenregister_url":"https://monumentenregister.cultureelerfgoed.nl/monumenten/509684","huidige_functie":null,"geometrie_bron":"muurschilderingendatabase","same_as":["http://www.wikidata.org/entity/Q17460192"],"afbeelding":null}},{"type":"Feature","geometry":{"type":"Point","coordinates":[5.44143,51.65592]},"properties":{"id":"12048","naam":"Heeswijk: hoofdgebouw","plaats":"Heeswijk-Dinther","identifier":"RM511894","rijksmonumentnummer":"511894","monumentenregister_url":"https://monumentenregister.cultureelerfgoed.nl/monumenten/511894","huidige_functie":null,"geometrie_bron":"muurschilderingendatabase","same_as":["http://www.wikidata.org/entity/Q17463382"],"afbeelding":null}},{"type":"Feature","geometry":{"type":"Point","coordinates":[4.45446,51.53349]},"properties":{"id":"12049","naam":"\"Emile van Loonhuis\"","plaats":"Roosendaal","identifier":"RM517275","rijksmonumentnummer":"517275","monumentenregister_url":"https://monumentenregister.cultureelerfgoed.nl/monumenten/517275","huidige_functie":null,"geometrie_bron":"muurschilderingendatabase","same_as":["http://www.wikidata.org/entity/Q17593869"],"afbeelding":null}},{"type":"Feature","geometry":{"type":"Point","coordinates":[4.77657,51.58871]},"properties":{"id":"12050","naam":"U-vormige uitbreiding stadhuis","plaats":"Breda","identifier":"RM518935","rijksmonumentnummer":"518935","monumentenregister_url":"https://monumentenregister.cultureelerfgoed.nl/monumenten/518935","huidige_functie":null,"geometrie_bron":"muurschilderingendatabase","same_as":["http://www.wikidata.org/entity/Q17595461"],"afbeelding":null}},{"type":"Feature","geometry":{"type":"Point","coordinates":[5.07312,52.12712]},"properties":{"id":"12051","naam":"Slot Zuylen, hoofdgebouw","plaats":"Oud-Zuilen","identifier":"RM519611","rijksmonumentnummer":"519611","monumentenregister_url":"https://monumentenregister.cultureelerfgoed.nl/monumenten/519611","huidige_functie":null,"geometrie_bron":"muurschilderingendatabase","same_as":["http://www.wikidata.org/entity/Q17596170"],"afbeelding":null}},{"type":"Feature","geometry":{"type":"Point","coordinates":[5.18736,51.58216]},"properties":{"id":"12052","naam":"Machine met ketelhuis","plaats":"Oisterwijk","identifier":"RM519947","rijksmonumentnummer":"519947","monumentenregister_url":"https://monumentenregister.cultureelerfgoed.nl/monumenten/519947","huidige_functie":null,"geometrie_bron":"muurschilderingendatabase","same_as":["http://www.wikidata.org/entity/Q17596371"],"afbeelding":null}},{"type":"Feature","geometry":{"type":"Point","coordinates":[5.09756,51.69472]},"properties":{"id":"12053","naam":"Fabrieksgebouw","plaats":"Waalwijk","identifier":"RM521841","rijksmonumentnummer":"521841","monumentenregister_url":"https://monumentenregister.cultureelerfgoed.nl/monumenten/521841","huidige_functie":null,"geometrie_bron":"muurschilderingendatabase","same_as":["http://www.wikidata.org/entity/Q17598665"],"afbeelding":null}},{"type":"Feature","geometry":{"type":"Point","coordinates":[5.87239,51.98474]},"properties":{"id":"12054","naam":"voorlichtingsgebouw","plaats":"Arnhem","identifier":"RM528073","rijksmonumentnummer":"528073","monumentenregister_url":"https://monumentenregister.cultureelerfgoed.nl/monumenten/528073","huidige_functie":null,"geometrie_bron":"muurschilderingendatabase","same_as":["http://www.wikidata.org/entity/Q18813831"],"afbeelding":null}},{"type":"Feature","geometry":{"type":"Point","coordinates":[6.563894,52.99329]},"properties":{"id":"12055","naam":"Gouvernementsgebouw (Assen)","plaats":"Assen","identifier":"RM469358","rijksmonumentnummer":"469358","monumentenregister_url":"https://monumentenregister.cultureelerfgoed.nl/monumenten/469358","huidige_functie":null,"geometrie_bron":"muurschilderingendatabase","same_as":["http://www.wikidata.org/entity/Q28037767"],"afbeelding":null}},{"type":"Feature","geometry":{"type":"Point","coordinates":[4.922485,52.36268]},"properties":{"id":"12056","naam":"Gebouw Koninklijk Instituut voor de Tropen (KIT), Amsterdam","plaats":"Amsterdam","identifier":"RM526987","rijksmonumentnummer":"526987","monumentenregister_url":"https://monumentenregister.cultureelerfgoed.nl/monumenten/526987","huidige_functie":null,"geometrie_bron":"muurschilderingendatabase","same_as":["http://www.wikidata.org/entity/Q39530035"],"afbeelding":null}},{"type":"Feature","geometry":{"type":"Point","coordinates":[4.860228,51.7007]},"properties":{"id":"12693","naam":"Twee panden","plaats":"Geertruidenberg","identifier":"RM15989","rijksmonumentnummer":"15989","monumentenregister_url":"https://monumentenregister.cultureelerfgoed.nl/monumenten/15989","huidige_functie":null,"geometrie_bron":"muurschilderingendatabase","same_as":["http://www.wikidata.org/entity/Q17373521","https://monumentenregister.cultureelerfgoed.nl/monumenten/15989"],"afbeelding":null}},{"type":"Feature","geometry":{"type":"Point","coordinates":[5.306359,51.689]},"properties":{"id":"12709","naam":"woonhuis, 's-Hertogenbosch","plaats":"'s-Hertogenbosch","identifier":"RM21630","rijksmonumentnummer":"21630","monumentenregister_url":"https://monumentenregister.cultureelerfgoed.nl/monumenten/21630","huidige_functie":null,"geometrie_bron":"muurschilderingendatabase","same_as":["http://www.wikidata.org/entity/Q17402556","https://monumentenregister.cultureelerfgoed.nl/monumenten/21630"],"afbeelding":null}},{"type":"Feature","geometry":{"type":"Point","coordinates":[5.299923,51.68585]},"properties":{"id":"12710","naam":"Sint-Catharinakerk, 's-Hertogenbosch","plaats":"'s-Hertogenbosch","identifier":"RM21692","rijksmonumentnummer":"21692","monumentenregister_url":"https://monumentenregister.cultureelerfgoed.nl/monumenten/21692","huidige_functie":null,"geometrie_bron":"muurschilderingendatabase","same_as":["http://www.wikidata.org/entity/Q2685554","https://monumentenregister.cultureelerfgoed.nl/monumenten/21692","https://reliwiki.nl/index.php?title=,s-Hertogenbosch,_Kruisbroedershof_4_-_Sint_Catharina&oldid=528090"],"afbeelding":"https://muurschilderingendatabase.nl/files/medium/3101023d28e5746fb545a439c34f2adbd6ce1125.jpg"}},{"type":"Feature","geometry":{"type":"Point","coordinates":[5.303101,51.68844]},"properties":{"id":"12714","naam":"Stadhuis, ’s-Hertogenbosch","plaats":"'s-Hertogenbosch","identifier":"RM21719","rijksmonumentnummer":"21719","monumentenregister_url":"https://monumentenregister.cultureelerfgoed.nl/monumenten/21719","huidige_functie":null,"geometrie_bron":"muurschilderingendatabase","same_as":["http://www.wikidata.org/entity/Q2336118","https://monumentenregister.cultureelerfgoed.nl/monumenten/21719"],"afbeelding":null}},{"type":"Feature","geometry":{"type":"Point","coordinates":[5.180589,52.22004]},"properties":{"id":"14916","naam":"Studiogebouw KRO","plaats":"Hilversum","identifier":"RM512602","rijksmonumentnummer":"512602","monumentenregister_url":"https://monumentenregister.cultureelerfgoed.nl/monumenten/512602","huidige_functie":null,"geometrie_bron":"muurschilderingendatabase","same_as":["https://monumentenregister.cultureelerfgoed.nl/monumenten/512602","https://www.wikidata.org/wiki/Q17463961"],"afbeelding":null}},{"type":"Feature","geometry":{"type":"Point","coordinates":[5.141782,52.07947]},"properties":{"id":"13133","naam":"Stadionflat, Utrecht","plaats":"Utrecht","identifier":"BAG0344100000053877","rijksmonumentnummer":null,"monumentenregister_url":null,"huidige_functie":null,"geometrie_bron":"muurschilderingendatabase","same_as":["https://rupertrestauratie.nl/2020/12/21/muurschildering-jan-boon-stadionflat-utrecht/"],"afbeelding":"https://muurschilderingendatabase.nl/files/medium/c995c214ac5d5b2522ceb0ba13f0ef4124cfdbaa.jpg"}},{"type":"Feature","geometry":{"type":"Point","coordinates":[6.162335,51.46194]},"properties":{"id":"13779","naam":"Gertrudis (1498 - 1944), Lottum","plaats":"Lottum","identifier":"Q138776386","rijksmonumentnummer":null,"monumentenregister_url":null,"huidige_functie":null,"geometrie_bron":"muurschilderingendatabase","same_as":["http://www.wikidata.org/entity/Q138776386","https://reliwiki.nl/index.php/Lottum,_Markt_1_-_Gertrudis_(1498_-_1944)"],"afbeelding":null}},{"type":"Feature","geometry":{"type":"Point","coordinates":[4.854316,52.36776]},"properties":{"id":"12117","naam":"GG&GD Magalhaensplein, Amsterdam","plaats":"Amsterdam","identifier":"BAG0363100012094732","rijksmonumentnummer":null,"monumentenregister_url":null,"huidige_functie":null,"geometrie_bron":"muurschilderingendatabase","same_as":["http://bag.basisregistraties.overheid.nl/bag/id/pand/0363100012094732","http://www.wikidata.org/entity/Q118170598","https://amsterdamopdekaart.nl/1850-1940/Magalhaensplein/2"],"afbeelding":"https://muurschilderingendatabase.nl/files/medium/ae5856db9660049c6d51827429b8a7ec26895ee4.jpg"}},{"type":"Feature","geometry":{"type":"Point","coordinates":[5.170446,52.22381]},"properties":{"id":"12119","naam":"Postkantoor Oude Torenstraat, Hilversum","plaats":"Hilversum","identifier":"BAG0402100001488257","rijksmonumentnummer":null,"monumentenregister_url":null,"huidige_functie":null,"geometrie_bron":"muurschilderingendatabase","same_as":["http://bag.basisregistraties.overheid.nl/bag/id/pand/0402100001488257","https://www.dudokarchitectuurcentrum.nl/andere-werken/postkantoor/"],"afbeelding":null}},{"type":"Feature","geometry":{"type":"Point","coordinates":[6.038503,51.41188]},"properties":{"id":"13775","naam":"Kerkhofkapel, Sevenum","plaats":"Sevenum","identifier":"BAG1507100000026055","rijksmonumentnummer":null,"monumentenregister_url":null,"huidige_functie":null,"geometrie_bron":"muurschilderingendatabase","same_as":["https://www.kerkgebouwen-in-limburg.nl/kerken/sevenum/kerkhofkapel-sevenum"],"afbeelding":null}},{"type":"Feature","geometry":{"type":"Point","coordinates":[4.645512,52.40085]},"properties":{"id":"13953","naam":"Adelbertuskerk, Haarlem","plaats":"Haarlem","identifier":"BAG0392100000066106","rijksmonumentnummer":null,"monumentenregister_url":null,"huidige_functie":null,"geometrie_bron":"muurschilderingendatabase","same_as":["http://www.wikidata.org/entity/Q126155363"],"afbeelding":null}},{"type":"Feature","geometry":{"type":"Point","coordinates":[5.778216625106928,53.44672206010865]},"properties":{"id":"10439","naam":"R.K. St.-Clemenskerk te Nes (Ameland)","plaats":"Ameland","identifier":"RM7604","rijksmonumentnummer":"7604","monumentenregister_url":"https://monumentenregister.cultureelerfgoed.nl/monumenten/7604","huidige_functie":"kerk","geometrie_bron":"rijksmonumentenregister_centroid","same_as":["http://www.wikidata.org/entity/Q2374673"],"afbeelding":null}},{"type":"Feature","geometry":{"type":"Point","coordinates":[4.637751736137582,52.38082904287371]},"properties":{"id":"13063","naam":" Grote of Sint-Bavokerk, Haarlem","plaats":"Haarlem","identifier":"RM19264","rijksmonumentnummer":"19264","monumentenregister_url":"https://monumentenregister.cultureelerfgoed.nl/monumenten/19264","huidige_functie":"kerk","geometrie_bron":"rijksmonumentenregister_centroid","same_as":["http://www.wikidata.org/entity/Q1545193","https://monumentenregister.cultureelerfgoed.nl/monumenten/19264","https://nl.wikipedia.org/wiki/Grote_of_Sint-Bavokerk","https://reliwiki.nl/index.php/Haarlem,_Grote_Markt_22_-_Grote_of_St._Bavokerk"],"afbeelding":"https://muurschilderingendatabase.nl/files/medium/08c7d42ef38abfa9bfb1ef8412be07fd6534d77c.jpg"}},{"type":"Feature","geometry":{"type":"Point","coordinates":[6.110371461498846,51.53167020443768]},"properties":{"id":"13949","naam":"Maria geboorte, Blitterswijck","plaats":"Blitterswijk","identifier":"RM28433","rijksmonumentnummer":"28433","monumentenregister_url":"https://monumentenregister.cultureelerfgoed.nl/monumenten/28433","huidige_functie":"kerk","geometrie_bron":"rijksmonumentenregister_centroid","same_as":["http://www.wikidata.org/entity/Q17430014","https://monumentenregister.cultureelerfgoed.nl/monumenten/28433","https://reliwiki.nl/index.php/Blitterswijck,_Plein_1_-_Maria_Geboorte","https://www.kerkgebouwen-in-limburg.nl/kunstenaars/franssen-gilles"],"afbeelding":"https://muurschilderingendatabase.nl/files/medium/5fd3889d6fc8f23e8018735a4f98a864ebf8abca.jpg"}},{"type":"Feature","geometry":{"type":"Point","coordinates":[5.990127308711594,51.1965179359153]},"properties":{"id":"14064","naam":"Caroluskapel, Roermond","plaats":"Roermond","identifier":"RM32650","rijksmonumentnummer":"32650","monumentenregister_url":"https://monumentenregister.cultureelerfgoed.nl/monumenten/32650","huidige_functie":"kapel","geometrie_bron":"rijksmonumentenregister_centroid","same_as":["https://monumentenregister.cultureelerfgoed.nl/monumenten/32650","https://reliwiki.nl/index.php/Roermond,_Swalmerstraat_100_-_Caroluskapel","https://www.kerkgebouwen-in-limburg.nl/kerken/roermond/caroluskapel","https://www.wikidata.org/wiki/Q27915807"],"afbeelding":"https://muurschilderingendatabase.nl/files/medium/d4dde6ddd7dc2bb210238216d80019ed7a10fc15.jpg"}},{"type":"Feature","geometry":{"type":"Point","coordinates":[5.888699416518524,50.9416514456089]},"properties":{"id":"14071","naam":"Dionysius, Schinnen","plaats":"Schinnen","identifier":"RM33329","rijksmonumentnummer":"33329","monumentenregister_url":"https://monumentenregister.cultureelerfgoed.nl/monumenten/33329","huidige_functie":"kerk","geometrie_bron":"rijksmonumentenregister_centroid","same_as":["https://monumentenregister.cultureelerfgoed.nl/monumenten/33329","https://reliwiki.nl/index.php/Schinnen,_Deken_Keulenplein_2_-_Dionysius","https://www.kerkgebouwen-in-limburg.nl/kerken/schinnen/dionysius","https://www.wikidata.org/wiki/Q2108825"],"afbeelding":null}},{"type":"Feature","geometry":{"type":"Point","coordinates":[5.987213916881506,50.77526412311199]},"properties":{"id":"14163","naam":"H.H. Lambertus en Genoveva, Holset","plaats":"Holset","identifier":"RM36673","rijksmonumentnummer":"36673","monumentenregister_url":"https://monumentenregister.cultureelerfgoed.nl/monumenten/36673","huidige_functie":"kerk","geometrie_bron":"rijksmonumentenregister_centroid","same_as":["https://monumentenregister.cultureelerfgoed.nl/monumenten/36673","https://reliwiki.nl/index.php/Holset,_Holset_66_-_H.H._Lambertus_en_Genovevakerk","https://www.kerkgebouwen-in-limburg.nl/kerken/holset/lambertus","https://www.wikidata.org/wiki/Q1994543"],"afbeelding":null}},{"type":"Feature","geometry":{"type":"Point","coordinates":[4.710587056365598,52.01071406046579]},"properties":{"id":"15113","naam":"Grote Kerk, Gouda","plaats":"Gouda","identifier":"RM16722","rijksmonumentnummer":"16722","monumentenregister_url":"https://monumentenregister.cultureelerfgoed.nl/monumenten/16722","huidige_functie":"kerk","geometrie_bron":"rijksmonumentenregister_centroid","same_as":["https://monumentenregister.cultureelerfgoed.nl/monumenten/16722","https://reliwiki.nl/index.php/Gouda,_Achter_de_Kerk_1_-_Grote-_of_Sint_Janskerk","https://www.wikidata.org/wiki/Q848290"],"afbeelding":null}},{"type":"Feature","geometry":{"type":"Point","coordinates":[4.294258744439647,52.07925222257053]},"properties":{"id":"15143","naam":"Elandkerk, ’s-Gravenhage","plaats":"Den Haag","identifier":"RM17509","rijksmonumentnummer":"17509","monumentenregister_url":"https://monumentenregister.cultureelerfgoed.nl/monumenten/17509","huidige_functie":"kerk","geometrie_bron":"rijksmonumentenregister_centroid","same_as":["https://monumentenregister.cultureelerfgoed.nl/monumenten/17509","https://reliwiki.nl/index.php/,s-Gravenhage,_Elandstraat_194_-_O.L._Vrouw_Onbevlekt_Ontvangen","https://www.wikidata.org/wiki/Q2344023"],"afbeelding":"https://muurschilderingendatabase.nl/files/medium/2700644fc326577689d97cd08054fc2d1317db5f.jpg"}},{"type":"Feature","geometry":{"type":"Point","coordinates":[4.55288424116053,52.2583921562598]},"properties":{"id":"15317","naam":"Grote kerk, Lisse","plaats":"Lisse","identifier":"RM25894","rijksmonumentnummer":"25894","monumentenregister_url":"https://monumentenregister.cultureelerfgoed.nl/monumenten/25894","huidige_functie":"kerk","geometrie_bron":"rijksmonumentenregister_centroid","same_as":["https://monumentenregister.cultureelerfgoed.nl/monumenten/25894","https://reliwiki.nl/index.php/Lisse,_Heereweg_250_-_Grote_Kerk","https://www.wikidata.org/wiki/Q17415717"],"afbeelding":"https://muurschilderingendatabase.nl/files/medium/c10a19b5805acaceb5772bfef4de664ac66c0248.jpg"}},{"type":"Feature","geometry":{"type":"Point","coordinates":[5.800263695806005,53.199751860641186]},"properties":{"id":"10563","naam":"BlokhuisPoort, voormalig Huis van bewaring","plaats":"Leeuwarden","identifier":"RM516486","rijksmonumentnummer":"516486","monumentenregister_url":"https://monumentenregister.cultureelerfgoed.nl/monumenten/516486","huidige_functie":"Cultureel bedrijvencentrum","geometrie_bron":"rijksmonumentenregister_centroid","same_as":["http://www.wikidata.org/entity/Q1892438","https://monumentenregister.cultureelerfgoed.nl/monumenten/516486"],"afbeelding":null}},{"type":"Feature","geometry":{"type":"Point","coordinates":[4.360181432400507,52.01207941333027]},"properties":{"id":"15057","naam":"Nieuwe Kerk, Delft","plaats":"Delft","identifier":"RM11872","rijksmonumentnummer":"11872","monumentenregister_url":"https://monumentenregister.cultureelerfgoed.nl/monumenten/11872","huidige_functie":"kerk","geometrie_bron":"rijksmonumentenregister_centroid","same_as":["https://monumentenregister.cultureelerfgoed.nl/monumenten/11872","https://reliwiki.nl/index.php/Delft,_Markt_80_-_Nieuwe_Kerk","https://www.wikidata.org/wiki/Q678611"],"afbeelding":"https://muurschilderingendatabase.nl/files/medium/04318b8c21e280dea3dfa623076d689e4bce569c.jpg"}},{"type":"Feature","geometry":{"type":"Point","coordinates":[4.362631235638312,52.06483758668193]},"properties":{"id":"15845","naam":"Hofwijck, Voorburg","plaats":"Voorburg","identifier":"RM508184","rijksmonumentnummer":"508184","monumentenregister_url":"https://monumentenregister.cultureelerfgoed.nl/monumenten/508184","huidige_functie":null,"geometrie_bron":"rijksmonumentenregister_centroid","same_as":["https://monumentenregister.cultureelerfgoed.nl/monumenten/508184","https://www.wikidata.org/wiki/Q2740737"],"afbeelding":"https://muurschilderingendatabase.nl/files/medium/30a5631e357c564cd8a557deb1fb92df027c6cf7.jpg"}},{"type":"Feature","geometry":{"type":"Point","coordinates":[4.885354172142118,52.37132573180849]},"properties":{"id":"14998","naam":"Woonhuis, Amsterdam","plaats":"Amsterdam","identifier":"RM2303","rijksmonumentnummer":"2303","monumentenregister_url":"https://monumentenregister.cultureelerfgoed.nl/monumenten/2303","huidige_functie":null,"geometrie_bron":"rijksmonumentenregister_centroid","same_as":["https://monumentenregister.cultureelerfgoed.nl/monumenten/2303","https://www.wikidata.org/wiki/Q17290629"],"afbeelding":null}},{"type":"Feature","geometry":{"type":"Point","coordinates":[5.942960243542069,53.29594283938623]},"properties":{"id":"10419","naam":"Aleksandertsjerke","plaats":"Rinsumageast","identifier":"RM11691","rijksmonumentnummer":"11691","monumentenregister_url":"https://monumentenregister.cultureelerfgoed.nl/monumenten/11691","huidige_functie":"kerk","geometrie_bron":"rijksmonumentenregister_centroid","same_as":["http://www.wikidata.org/entity/Q630017","https://cms.beeldschrift.nl/api/api/file/saft/642a0eaa5480108963b5bed553beb5ff/","https://monumentenregister.cultureelerfgoed.nl/monumenten/11691"],"afbeelding":null}},{"type":"Feature","geometry":{"type":"Point","coordinates":[4.781033973308453,51.58960539356239]},"properties":{"id":"12643","naam":"Voormalig Oudemannenhuis, Breda","plaats":"Breda","identifier":"RM10106","rijksmonumentnummer":"10106","monumentenregister_url":"https://monumentenregister.cultureelerfgoed.nl/monumenten/10106","huidige_functie":"museum","geometrie_bron":"rijksmonumentenregister_centroid","same_as":["http://www.wikidata.org/entity/Q2090944","https://monumentenregister.cultureelerfgoed.nl/monumenten/10106"],"afbeelding":"https://muurschilderingendatabase.nl/files/medium/8b220fed75e0bd85ea9911568f8078d43c177345.jpg"}},{"type":"Feature","geometry":{"type":"Point","coordinates":[5.286556847003207,52.70342754861745]},"properties":{"id":"14734","naam":"Gomaruskerk, Enkhuizen","plaats":"Enkhuizen","identifier":"RM15211","rijksmonumentnummer":"15211","monumentenregister_url":"https://monumentenregister.cultureelerfgoed.nl/monumenten/15211","huidige_functie":"Cultureel en maatschappelijk","geometrie_bron":"rijksmonumentenregister_centroid","same_as":["https://monumentenregister.cultureelerfgoed.nl/monumenten/15211","https://reliwiki.nl/index.php/Enkhuizen,_Westerstraat_138_-_Wester-_of_Sint_Gommaruskerk","https://www.wikidata.org/wiki/Q1816984"],"afbeelding":"https://muurschilderingendatabase.nl/files/medium/18bc60f745771f5d139bc99f418d5cba5771a2c1.jpg"}},{"type":"Feature","geometry":{"type":"Point","coordinates":[4.916118704802199,52.36150275915285]},"properties":{"id":"15002","naam":"Neo-byzantijnsche kapel, Amsterdam","plaats":"Amsterdam","identifier":"RM526942","rijksmonumentnummer":"526942","monumentenregister_url":"https://monumentenregister.cultureelerfgoed.nl/monumenten/526942","huidige_functie":"evenementenlocatie","geometrie_bron":"rijksmonumentenregister_centroid","same_as":["https://monumentenregister.cultureelerfgoed.nl/monumenten/526942","https://www.wikidata.org/wiki/Q3137409"],"afbeelding":"https://muurschilderingendatabase.nl/files/medium/0ce2d065af69e26a85b8de6daa73422432bad2d8.jpg"}},{"type":"Feature","geometry":{"type":"Point","coordinates":[4.881840142354335,52.36404804526553]},"properties":{"id":"15821","naam":"Internationaal Theater Amsterdam","plaats":"Amsterdam","identifier":"RM46503","rijksmonumentnummer":"46503","monumentenregister_url":"https://monumentenregister.cultureelerfgoed.nl/monumenten/46503","huidige_functie":"https://www.wikidata.org/wiki/Q24354","geometrie_bron":"rijksmonumentenregister_centroid","same_as":["https://monumentenregister.cultureelerfgoed.nl/monumenten/46503","https://www.wikidata.org/wiki/Q1817103"],"afbeelding":"https://muurschilderingendatabase.nl/files/medium/6bda98f21f3409f4d775923731d091ab73e59f15.jpg"}},{"type":"Feature","geometry":{"type":"Point","coordinates":[4.711424602408734,52.19366673036479]},"properties":{"id":"15850","naam":"St. Adrianuskerk, Ter Aar","plaats":"Langeraar","identifier":"RM508274","rijksmonumentnummer":"508274","monumentenregister_url":"https://monumentenregister.cultureelerfgoed.nl/monumenten/508274","huidige_functie":"kerk","geometrie_bron":"rijksmonumentenregister_centroid","same_as":["https://monumentenregister.cultureelerfgoed.nl/monumenten/508274","https://reliwiki.nl/index.php/Langeraar,_Langeraarseweg_90_-_Adrianus","https://www.wikidata.org/wiki/Q17458808"],"afbeelding":"https://muurschilderingendatabase.nl/files/medium/a75ce04e0b7449a386a3652d2aeb9784304a242b.jpg"}},{"type":"Feature","geometry":{"type":"Point","coordinates":[6.02120752,50.76955287]},"properties":{"id":"14162","naam":"Herv. Kerk, Vaals","plaats":"Vaals","identifier":"36625","rijksmonumentnummer":"RM36625","monumentenregister_url":"https://monumentenregister.cultureelerfgoed.nl/monumenten/RM36625","huidige_functie":"kerk","geometrie_bron":"reliwiki_adres_pdok","same_as":["https://monumentenregister.cultureelerfgoed.nl/monumenten/36625","https://reliwiki.nl/index.php/Vaals,_Kerkstraat_47_-_Protestantse_Kerk","https://www.kerkgebouwen-in-limburg.nl/kerken/vaals/protestantse-kerk","https://www.wikidata.org/wiki/Q2334114"],"afbeelding":null}},{"type":"Feature","geometry":{"type":"Point","coordinates":[4.845376811831147,52.373221304015104]},"properties":{"id":"11575","naam":" H. Josephkerk, Amsterdam","plaats":"Amsterdam","identifier":"RM530737","rijksmonumentnummer":"530737","monumentenregister_url":"https://monumentenregister.cultureelerfgoed.nl/monumenten/530737","huidige_functie":"Ontspanning, horeca en toerisme","geometrie_bron":"rijksmonumentenregister_centroid","same_as":["http://www.wikidata.org/entity/Q1379728","https://monumentenregister.cultureelerfgoed.nl/monumenten/530737","https://reliwiki.nl/index.php/Amsterdam,_Erik_de_Roodestraat_14_-_Joseph"],"afbeelding":"https://muurschilderingendatabase.nl/files/medium/74a4d49c017fc2ab47ab3535be5d85e6674188b2.jpg"}},{"type":"Feature","geometry":{"type":"Point","coordinates":[3.890394465599957,51.50319372292785]},"properties":{"id":"11772","naam":"Grote of Maria Magdalenakerk, Goes","plaats":"Goes","identifier":"RM16375","rijksmonumentnummer":"16375","monumentenregister_url":"https://monumentenregister.cultureelerfgoed.nl/monumenten/16375","huidige_functie":"kerk","geometrie_bron":"rijksmonumentenregister_centroid","same_as":["http://www.wikidata.org/entity/Q1896136","https://monumentenregister.cultureelerfgoed.nl/monumenten/16375","https://reliwiki.nl/index.php/Goes,_Singelstraat_21_-_Grote_of_Maria_Magdalenakerk"],"afbeelding":"https://muurschilderingendatabase.nl/files/medium/2a92cdd6e467b01604bafe77a1067c5d0a1e10ae.jpg"}},{"type":"Feature","geometry":{"type":"Point","coordinates":[4.639838753232916,52.38068987589948]},"properties":{"id":"14922","naam":"Teylers Museum, Haarlem","plaats":"Haarlem","identifier":"RM513441","rijksmonumentnummer":"513441","monumentenregister_url":"https://monumentenregister.cultureelerfgoed.nl/monumenten/513441","huidige_functie":"museum","geometrie_bron":"rijksmonumentenregister_centroid","same_as":["https://monumentenregister.cultureelerfgoed.nl/monumenten/513441","https://www.wikidata.org/wiki/Q474563"],"afbeelding":"https://muurschilderingendatabase.nl/files/medium/a101929a04230ec4f274f366419f51231eb9b240.jpg"}},{"type":"Feature","geometry":{"type":"Point","coordinates":[4.709459957231315,52.01012380446808]},"properties":{"id":"15119","naam":"woonhuis, Gouda","plaats":"Gouda","identifier":"RM16784","rijksmonumentnummer":"16784","monumentenregister_url":"https://monumentenregister.cultureelerfgoed.nl/monumenten/16784","huidige_functie":"woonhuis","geometrie_bron":"rijksmonumentenregister_centroid","same_as":["https://monumentenregister.cultureelerfgoed.nl/monumenten/16784","https://www.wikidata.org/wiki/Q5826900"],"afbeelding":null}},{"type":"Feature","geometry":{"type":"Point","coordinates":[3.82872382,51.23392164]},"properties":{"id":"11875","naam":"Onze-Lieve-Vrouw Visitatiekerk, Westdorpe","plaats":"Westdorpe","identifier":"BAG0715100000012670","rijksmonumentnummer":null,"monumentenregister_url":null,"huidige_functie":"onbekend","geometrie_bron":"reliwiki_adres_pdok","same_as":["https://reliwiki.nl/index.php/Westdorpe,_Graafjansdijk_A_189_-_O.L._Vrouw_Visitatie"],"afbeelding":"https://muurschilderingendatabase.nl/files/medium/9ea6dbb614c42e095c30d9eb9a03110365d80d50.jpg"}},{"type":"Feature","geometry":{"type":"Point","coordinates":[3.61169837,51.50011332]},"properties":{"id":"11881","naam":"Petrus en Paulus, Middelburg","plaats":"Middelburg","identifier":"BAG0687100000029012","rijksmonumentnummer":null,"monumentenregister_url":null,"huidige_functie":"kerk","geometrie_bron":"reliwiki_adres_pdok","same_as":["https://reliwiki.nl/index.php/Middelburg,_Lombardstraat_3_-_Petrus_en_Paulus"],"afbeelding":"https://muurschilderingendatabase.nl/files/medium/8c2b93c35e16aad831e94670a9fcbea1c4fa8fbe.jpg"}},{"type":"Feature","geometry":{"type":"Point","coordinates":[3.97058377,51.32637553]},"properties":{"id":"11886","naam":"Petrus en Pauluskerk, Vogelwaarde","plaats":"Vogelwaarde","identifier":"BAG0677100000596740","rijksmonumentnummer":null,"monumentenregister_url":null,"huidige_functie":"kerk","geometrie_bron":"reliwiki_adres_pdok","same_as":["https://reliwiki.nl/index.php/Vogelwaarde,_Kerkstraat_15_-_H.H._Petrus_en_Paulus"],"afbeelding":"https://muurschilderingendatabase.nl/files/medium/355b8cf0b4c93c50203771576862234dac5ebb73.jpg"}},{"type":"Feature","geometry":{"type":"Point","coordinates":[4.26760005,52.07276876]},"properties":{"id":"15030","naam":"Heilige Familiekerk, Den Haag","plaats":"Den Haag","identifier":"BAG0518100000218410","rijksmonumentnummer":null,"monumentenregister_url":null,"huidige_functie":"kerk","geometrie_bron":"reliwiki_adres_pdok","same_as":["https://reliwiki.nl/index.php/,s-Gravenhage,_Kamperfoelieplein_29_-_Heilige_Familie","https://www.monumentenzorgdenhaag.nl/monumenten/kamperfoelieplein-29-kamperfoeliestraat-279","https://www.wikidata.org/wiki/Q2237416"],"afbeelding":"https://muurschilderingendatabase.nl/files/medium/4333e781813a7de8f09ba1ca482db9c629d3a565.jpg"}},{"type":"Feature","geometry":{"type":"Point","coordinates":[4.96986537,52.84169586]},"properties":{"id":"14966","naam":"Heilige Geestkerk, Slootdorp","plaats":"Slootdorp","identifier":"Q140011251","rijksmonumentnummer":null,"monumentenregister_url":null,"huidige_functie":"gebouw gesloopt","geometrie_bron":"reliwiki_adres_pdok","same_as":["https://reliwiki.nl/index.php/Slootdorp,_Brink_1_-_Heilige_Geest_(1932_-_2003)","https://www.wikidata.org/wiki/Q140011251"],"afbeelding":null}},{"type":"Feature","geometry":{"type":"Point","coordinates":[3.448726294223465,51.272419010089585]},"properties":{"id":"11930","naam":"pand, Aardenburg","plaats":"Aardenburg","identifier":"RM6887","rijksmonumentnummer":"6887","monumentenregister_url":"https://monumentenregister.cultureelerfgoed.nl/monumenten/6887","huidige_functie":null,"geometrie_bron":"rijksmonumentenregister_centroid","same_as":["http://www.wikidata.org/entity/Q17611203","https://monumentenregister.cultureelerfgoed.nl/monumenten/6887"],"afbeelding":null}},{"type":"Feature","geometry":{"type":"Point","coordinates":[5.957718896027952,50.88239640045181]},"properties":{"id":"14671","naam":"Overste Douvenrade, Heerlen","plaats":"Heerlen","identifier":"RM21268","rijksmonumentnummer":"21268","monumentenregister_url":"https://monumentenregister.cultureelerfgoed.nl/monumenten/21268","huidige_functie":null,"geometrie_bron":"rijksmonumentenregister_centroid","same_as":["https://monumentenregister.cultureelerfgoed.nl/monumenten/21268","https://www.wikidata.org/wiki/Q17401913"],"afbeelding":null}},{"type":"Feature","geometry":{"type":"Point","coordinates":[4.643709481889216,52.468641878887844]},"properties":{"id":"14936","naam":"St. Joseph, Velsen-Noord","plaats":"Velsen-Noord","identifier":"RM520714","rijksmonumentnummer":"520714","monumentenregister_url":"https://monumentenregister.cultureelerfgoed.nl/monumenten/520714","huidige_functie":null,"geometrie_bron":"rijksmonumentenregister_centroid","same_as":["https://monumentenregister.cultureelerfgoed.nl/monumenten/520714","https://reliwiki.nl/index.php/Velsen,_Wijkerstraatweg_55_-_St._Joseph","https://www.wikidata.org/wiki/Q17203103"],"afbeelding":"https://muurschilderingendatabase.nl/files/medium/63fa2b3c40fdb24eab04bd015c8c1a85446b94b6.jpg"}},{"type":"Feature","geometry":{"type":"Point","coordinates":[4.164647163641381,51.90148771380689]},"properties":{"id":"15053","naam":"Woonhuis, Brielle","plaats":"Brielle","identifier":"RM10801","rijksmonumentnummer":"10801","monumentenregister_url":"https://monumentenregister.cultureelerfgoed.nl/monumenten/10801","huidige_functie":null,"geometrie_bron":"rijksmonumentenregister_centroid","same_as":["https://monumentenregister.cultureelerfgoed.nl/monumenten/10801","https://www.wikidata.org/wiki/Q17344179"],"afbeelding":"https://muurschilderingendatabase.nl/files/medium/2fad1f91c1269f1666ac2fc1ba170b9539dc895b.jpg"}},{"type":"Feature","geometry":{"type":"Point","coordinates":[4.70287481628684,52.01212606953113]},"properties":{"id":"15363","naam":"De 3 notenbomen, Gouda","plaats":"Gouda","identifier":"RM343338","rijksmonumentnummer":"343338","monumentenregister_url":"https://monumentenregister.cultureelerfgoed.nl/monumenten/343338","huidige_functie":null,"geometrie_bron":"rijksmonumentenregister_centroid","same_as":["https://monumentenregister.cultureelerfgoed.nl/monumenten/343338","https://www.wikidata.org/wiki/Q2044053"],"afbeelding":"https://muurschilderingendatabase.nl/files/medium/a07cae87f7592d1321d2e675d8d15e17f661e8e2.jpg"}},{"type":"Feature","geometry":{"type":"Point","coordinates":[5.155333466455672,51.93791372991714]},"properties":{"id":"15773","naam":"Kanonkazemat Diefdijk-Zuid","plaats":"Culemborg","identifier":"RM531731","rijksmonumentnummer":"531731","monumentenregister_url":"https://monumentenregister.cultureelerfgoed.nl/monumenten/531731","huidige_functie":null,"geometrie_bron":"rijksmonumentenregister_centroid","same_as":["https://monumentenregister.cultureelerfgoed.nl/monumenten/531731","https://www.wikidata.org/wiki/Q18814210"],"afbeelding":"https://muurschilderingendatabase.nl/files/medium/8f03dfcf74dfdb5fea68675acbb9ebb257248740.jpg"}},{"type":"Feature","geometry":{"type":"Point","coordinates":[5.543685196125389,53.187484626771244]},"properties":{"id":"10437","naam":"Tuinkamer Eise Eisingastraat 2 te Franeker","plaats":"Franeker","identifier":"RM15668","rijksmonumentnummer":"15668","monumentenregister_url":"https://monumentenregister.cultureelerfgoed.nl/monumenten/15668","huidige_functie":null,"geometrie_bron":"rijksmonumentenregister_centroid","same_as":["http://www.wikidata.org/entity/Q66126545","https://monumentenregister.cultureelerfgoed.nl/monumenten/15668"],"afbeelding":"https://muurschilderingendatabase.nl/files/medium/693aa15ae7d95dd1ad14b2b849f01314bd4f5001.jpg"}},{"type":"Feature","geometry":{"type":"Point","coordinates":[4.88741311391234,52.37240331992324]},"properties":{"id":"14990","naam":"Woonhuis, Amsterdam","plaats":"Amsterdam","identifier":"RM1581","rijksmonumentnummer":"1581","monumentenregister_url":"https://monumentenregister.cultureelerfgoed.nl/monumenten/1581","huidige_functie":null,"geometrie_bron":"rijksmonumentenregister_centroid","same_as":["https://monumentenregister.cultureelerfgoed.nl/monumenten/1581","https://www.wikidata.org/wiki/Q17234984"],"afbeelding":null}},{"type":"Feature","geometry":{"type":"Point","coordinates":[4.885859206056759,52.37601046984337]},"properties":{"id":"14992","naam":"Pand, Amsterdam","plaats":"Amsterdam","identifier":"RM518345","rijksmonumentnummer":"518345","monumentenregister_url":"https://monumentenregister.cultureelerfgoed.nl/monumenten/518345","huidige_functie":null,"geometrie_bron":"rijksmonumentenregister_centroid","same_as":["https://monumentenregister.cultureelerfgoed.nl/monumenten/518345","https://www.wikidata.org/wiki/Q17302720"],"afbeelding":null}},{"type":"Feature","geometry":{"type":"Point","coordinates":[4.973189518201179,51.82957483712274]},"properties":{"id":"15392","naam":"Grote Kerk, Gorinchen","plaats":"Gorinchem","identifier":"RM381885","rijksmonumentnummer":"381885","monumentenregister_url":"https://monumentenregister.cultureelerfgoed.nl/monumenten/381885","huidige_functie":null,"geometrie_bron":"rijksmonumentenregister_centroid","same_as":["https://monumentenregister.cultureelerfgoed.nl/monumenten/381885","https://reliwiki.nl/index.php/Gorinchem,_Groenmarkt_7_-_Grote_Kerk","https://www.wikidata.org/wiki/Q2580736"],"afbeelding":null}},{"type":"Feature","geometry":{"type":"Point","coordinates":[6.88830006,52.23233259]},"properties":{"id":"14767","naam":"Mariakerk, Enschede","plaats":"Enschede","identifier":"BAG0153100000234767","rijksmonumentnummer":null,"monumentenregister_url":null,"huidige_functie":null,"geometrie_bron":"reliwiki_adres_pdok","same_as":["https://reliwiki.nl/index.php/Enschede,_Deurningerstraat_214_-_O.L._Vrouw_van_Altijddurende_Bijstand_(1927_-_2016)"],"afbeelding":null}},{"type":"Feature","geometry":{"type":"Point","coordinates":[6.03607072,51.41237932]},"properties":{"id":"14762","naam":"Voormalige Fabianus en Sebastianuskerk (1300 - 1944), Sevenum","plaats":"Sevenum","identifier":"Q139832316","rijksmonumentnummer":null,"monumentenregister_url":null,"huidige_functie":null,"geometrie_bron":"reliwiki_adres_pdok","same_as":["https://reliwiki.nl/index.php/Sevenum,_Markt_1_-_Fabianus_en_Sebastianus_(1300_-_1944)","https://www.wikidata.org/wiki/Q139832316"],"afbeelding":"https://muurschilderingendatabase.nl/files/medium/0f7be3d1601276a4aebe4289740fffa4b31c0dae.jpg"}},{"type":"Feature","geometry":{"type":"Point","coordinates":[5.954481,53.33407]},"properties":{"id":"10179","naam":"De Nederlands-Hervormde Kerk te Bornwird","plaats":null,"identifier":"RM38694","rijksmonumentnummer":"38694","monumentenregister_url":"https://monumentenregister.cultureelerfgoed.nl/monumenten/38694","huidige_functie":"Voor verhuur","geometrie_bron":"muurschilderingendatabase","same_as":["https://aldefrysketsjerken.nl/boarnwert","https://monumentenregister.cultureelerfgoed.nl/monumenten/38694","https://reliwiki.nl/index.php?title=Bornwird,_Tsjerkepaad_1_-_Mariakerk&oldid=520332"],"afbeelding":null}},{"type":"Feature","geometry":{"type":"Point","coordinates":[5.833089,51.74916]},"properties":{"id":"12820","naam":"Lambertuskerk, Linden","plaats":null,"identifier":"RM8863","rijksmonumentnummer":"8863","monumentenregister_url":"https://monumentenregister.cultureelerfgoed.nl/monumenten/8863","huidige_functie":"Linden","geometrie_bron":"muurschilderingendatabase","same_as":["https://monumentenregister.cultureelerfgoed.nl/monumenten/8863","https://reliwiki.nl/index.php/Linden,_Kerkstraat_34_-_Lambertus"],"afbeelding":"https://muurschilderingendatabase.nl/files/medium/7d5a34ae513925807e34df7d14d036d7c3fa1365.jpg"}},{"type":"Feature","geometry":{"type":"Point","coordinates":[6.163839,51.48598]},"properties":{"id":"13784","naam":"Sint Nicolaaskerk, Broekhuizen","plaats":null,"identifier":"RM11091","rijksmonumentnummer":"11091","monumentenregister_url":"https://monumentenregister.cultureelerfgoed.nl/monumenten/11091","huidige_functie":null,"geometrie_bron":"muurschilderingendatabase","same_as":["http://www.wikidata.org/entity/Q2594797","https://monumentenregister.cultureelerfgoed.nl/monumenten/11091","https://reliwiki.nl/index.php/Broekhuizen,_Hoogstraat_21_-_Nicolaas","https://www.kerkgebouwen-in-limburg.nl/kerken/broekhuizen/nicolaas"],"afbeelding":null}},{"type":"Feature","geometry":{"type":"Point","coordinates":[5.62576,51.54037]},"properties":{"id":"12679","naam":"Leonardus de Noblac, Beek en Donk","plaats":null,"identifier":"RM520151","rijksmonumentnummer":"520151","monumentenregister_url":"https://monumentenregister.cultureelerfgoed.nl/monumenten/520151","huidige_functie":"Zorgwoningen","geometrie_bron":"muurschilderingendatabase","same_as":["https://monumentenregister.cultureelerfgoed.nl/monumenten/520151"],"afbeelding":"https://muurschilderingendatabase.nl/files/medium/20d0dd10108ebb0908e02a2d1d384a08274fe9b1.jpg"}},{"type":"Feature","geometry":{"type":"Point","coordinates":[6.757085748803876,53.34610348028857]},"properties":{"id":"8608","naam":"Jacobuskerk","plaats":null,"identifier":"RM40306","rijksmonumentnummer":"40306","monumentenregister_url":"https://monumentenregister.cultureelerfgoed.nl/monumenten/40306","huidige_functie":"Kerk / Hervormde kerk","geometrie_bron":"rijksmonumentenregister_centroid","same_as":["http://www.wikidata.org/entity/Q2118532","https://monumentenregister.cultureelerfgoed.nl/monumenten/40306"],"afbeelding":"https://muurschilderingendatabase.nl/files/medium/36336a368451f6e41d38a34432d74b0cfabf2b4a.jpg"}},{"type":"Feature","geometry":{"type":"Point","coordinates":[4.897538,52.37435]},"properties":{"id":"14880","naam":"Oude Kerk, Amsterdam","plaats":"Amsterdam","identifier":"RM3990","rijksmonumentnummer":"3990","monumentenregister_url":"https://monumentenregister.cultureelerfgoed.nl/monumenten/3990","huidige_functie":"cultureel","geometrie_bron":"muurschilderingendatabase","same_as":[],"afbeelding":"https://muurschilderingendatabase.nl/files/medium/96a60877df7492a0c933b13f44f21c10914f2a49.jpg"}},{"type":"Feature","geometry":{"type":"Point","coordinates":[5.869295,51.83068]},"properties":{"id":"11631","naam":"Basisschool Klein Heyendaal, Nijmegen","plaats":"Nijmegen","identifier":"BAG0268100000024469","rijksmonumentnummer":null,"monumentenregister_url":null,"huidige_functie":"school","geometrie_bron":"muurschilderingendatabase","same_as":[],"afbeelding":null}},{"type":"Feature","geometry":{"type":"Point","coordinates":[4.897173,52.35824]},"properties":{"id":"14931","naam":"N. Witsenkade 38, Amsterdam","plaats":"Amsterdam","identifier":"RM518436","rijksmonumentnummer":"518436","monumentenregister_url":"https://monumentenregister.cultureelerfgoed.nl/monumenten/518436","huidige_functie":null,"geometrie_bron":"muurschilderingendatabase","same_as":[],"afbeelding":"https://muurschilderingendatabase.nl/files/medium/78b89a7a8f3c99c1ec46334a4420626c3a6f91b5.jpg"}},{"type":"Feature","geometry":{"type":"Point","coordinates":[6.472108,52.01154]},"properties":{"id":"10536","naam":"Onze Lieve Vrouw van Lourdes, Mariënvelde","plaats":"Mariënvelde","identifier":"RM509426","rijksmonumentnummer":"509426","monumentenregister_url":"https://monumentenregister.cultureelerfgoed.nl/monumenten/509426","huidige_functie":null,"geometrie_bron":"muurschilderingendatabase","same_as":[],"afbeelding":null}},{"type":"Feature","geometry":{"type":"Point","coordinates":[4.887811,52.38542]},"properties":{"id":"13129","naam":"Pakhuis, Amsterdam","plaats":"Amsterdam","identifier":"BAG0363100012176822","rijksmonumentnummer":null,"monumentenregister_url":null,"huidige_functie":null,"geometrie_bron":"muurschilderingendatabase","same_as":[],"afbeelding":null}},{"type":"Feature","geometry":{"type":"Point","coordinates":[5.7857,50.92393]},"properties":{"id":"14656","naam":"Boerderij, Beek","plaats":"Beek","identifier":null,"rijksmonumentnummer":null,"monumentenregister_url":null,"huidige_functie":null,"geometrie_bron":"muurschilderingendatabase","same_as":[],"afbeelding":"https://muurschilderingendatabase.nl/files/medium/171dedf4ea7d368ba793c47943b2926d3be05e1f.jpg"}}]}